deal_id,contact_id,deal_stage,amount,close_date
2241,1826,Closed Won,1190.00,2014-06-16
2242,1,Closed Won,577.00,2014-06-15
2243,10476,Closed Lost,251.00,2014-05-13
2244,1386,Closed Lost,11.00,2014-05-11
2245,5371,Closed Won,91.00,2014-04-08
2246,7348,Closed Won,1192.00,2014-03-17
2247,4073,Closed Won,1215.00,2014-01-29
2248,1991,Closed Lost,96.00,2014-01-18
2249,4047,Closed Lost,544.00,2014-01-11
2250,9477,Closed Lost,544.00,2014-01-11
2251,2079,Closed Lost,1208.00,2013-12-27
2252,5642,Closed Lost,222.00,2013-12-09
2253,10530,Closed Won,1156.00,2013-12-07
2254,2964,Closed Lost,72.00,2013-10-16
2255,10311,Closed Lost,359.00,2013-10-05
2256,837,Closed Lost,174.00,2013-09-11
2257,10521,Closed Won,174.00,2013-09-11
2258,10175,Closed Lost,22.00,2013-08-01
2259,1473,Closed Lost,72.00,2013-07-23
2260,2795,Closed Lost,13.00,2013-07-01
2261,2285,Closed Lost,335.00,2013-05-28
2262,115,Closed Lost,393.00,2013-03-26
2263,10470,Closed Lost,92.00,2013-03-15
2264,4065,Closed Lost,404.00,2013-02-12
2265,10968,Closed Lost,704.00,2012-11-23
2266,5985,Closed Lost,122.00,2012-10-13
2267,5430,Closed Lost,684.00,2012-09-14
2268,8432,Closed Lost,684.00,2012-09-14
2269,453,Closed Lost,45.00,2014-06-30
2270,9687,Closed Lost,726.00,2014-06-01
2271,8890,Closed Lost,272.00,2014-05-31
2272,9264,Closed Lost,1638.00,2014-04-28
2273,5824,Closed Lost,8.00,2014-04-12
2274,5794,Closed Won,446.00,2014-03-18
2275,3068,Closed Lost,43.00,2013-10-30
2276,7962,Closed Won,1901.00,2013-10-10
2277,2681,Closed Lost,461.00,2013-08-02
2278,10141,Closed Lost,20.00,2013-05-11
2279,3725,Closed Won,1688.00,2013-05-10
2280,3767,Closed Lost,1008.00,2013-04-26
2281,5585,Closed Won,48.00,2013-04-21
2282,7030,Closed Lost,1485.00,2013-03-31
2283,1524,Closed Won,1104.00,2013-03-02
2284,3657,Closed Lost,165.00,2013-02-15
2285,5740,Closed Won,56.00,2013-02-15
2286,9595,Closed Won,1574.00,2013-01-12
2287,3158,Closed Lost,39.00,2013-01-04
2288,5114,Closed Lost,965.00,2012-12-20
2289,340,Closed Won,497.00,2012-12-16
2290,8805,Closed Lost,371.00,2012-12-03
2291,1241,Closed Won,51.00,2012-09-18
2292,1402,Closed Lost,1253.00,2012-09-12
2293,7264,Closed Lost,17.00,2014-05-14
2294,1619,Closed Won,1588.00,2014-04-30
2295,6398,Closed Lost,50.00,2014-03-31
2296,1857,Closed Won,83.00,2014-03-08
2297,4877,Closed Lost,41.00,2014-03-06
2298,3066,Closed Lost,231.00,2014-02-06
2299,10286,Closed Lost,926.00,2014-02-05
2300,1992,Closed Won,893.00,2014-01-03
2301,4246,Closed Lost,373.00,2013-12-14
2302,10623,Closed Lost,32.00,2013-11-17
2303,4867,Closed Lost,88.00,2013-09-22
2304,3112,Closed Lost,24.00,2013-09-07
2305,4865,Closed Won,400.00,2013-09-02
2306,6287,Closed Won,36.00,2013-08-01
2307,4405,Closed Lost,789.00,2013-08-01
2308,5332,Closed Lost,1066.00,2013-07-29
2309,1519,Closed Won,73.00,2013-06-24
2310,9080,Closed Lost,73.00,2013-06-24
2311,1772,Closed Won,2043.00,2013-01-13
2312,5341,Closed Lost,1588.00,2013-01-07
2313,5510,Closed Lost,441.00,2012-11-23
2314,3887,Closed Won,106.00,2012-11-13
2315,7022,Closed Lost,1410.00,2012-09-30
2316,9999,Closed Lost,1040.00,2012-09-29
2317,10352,Closed Won,117.00,2012-09-09
2318,7919,Closed Won,2092.00,2012-08-15
2319,4114,Closed Lost,1693.00,2012-08-13
2320,7990,Closed Lost,17.00,2012-08-04
2321,9888,Closed Lost,1091.00,2014-06-28
2322,4399,Closed Lost,1091.00,2014-06-28
2323,4452,Closed Won,372.00,2014-05-31
2324,4785,Closed Lost,714.00,2014-04-17
2325,8461,Closed Lost,16.00,2014-03-13
2326,3878,Closed Lost,48.00,2014-03-02
2327,9612,Closed Lost,43.00,2014-02-10
2328,4098,Closed Lost,44.00,2014-01-31
2329,158,Closed Won,1196.00,2013-11-20
2330,3896,Closed Lost,37.00,2013-11-10
2331,9970,Closed Lost,162.00,2013-10-20
2332,4002,Closed Lost,1123.00,2013-10-16
2333,10914,Closed Lost,17.00,2013-10-15
2334,7279,Closed Lost,1044.00,2013-10-03
2335,10582,Closed Lost,758.00,2013-07-06
2336,4470,Closed Lost,140.00,2013-06-13
2337,6183,Closed Lost,140.00,2013-06-13
2338,6379,Closed Won,121.00,2013-06-01
2339,8601,Closed Lost,1395.00,2013-05-02
2340,4827,Closed Won,455.00,2013-03-13
2341,6715,Closed Lost,685.00,2013-01-05
2342,10676,Closed Won,1173.00,2012-11-05
2343,1041,Closed Won,424.00,2012-10-21
2344,492,Closed Lost,424.00,2012-10-21
2345,11133,Closed Won,424.00,2012-10-21
2346,4491,Closed Lost,1178.00,2012-10-04
2347,873,Closed Won,1178.00,2012-10-04
2348,1631,Closed Won,1282.00,2012-09-06
2349,8278,Closed Lost,1711.00,2012-08-29
2350,6815,Closed Won,809.00,2014-05-27
2351,254,Closed Lost,473.00,2014-05-21
2352,1349,Closed Lost,148.00,2014-04-25
2353,2534,Closed Lost,188.00,2014-04-25
2354,2130,Closed Won,147.00,2014-03-27
2355,2296,Closed Lost,30.00,2013-12-20
2356,3799,Closed Lost,868.00,2013-11-30
2357,11084,Closed Won,1053.00,2013-11-18
2358,5172,Closed Lost,1053.00,2013-11-18
2359,9504,Closed Won,1008.00,2013-11-10
2360,850,Closed Lost,757.00,2013-10-10
2361,4477,Closed Lost,653.00,2013-10-01
2362,1945,Closed Lost,1400.00,2013-09-22
2363,7685,Closed Lost,78.00,2013-09-13
2364,6310,Closed Lost,78.00,2013-09-13
2365,10832,Closed Lost,467.00,2013-07-22
2366,3025,Closed Lost,306.00,2013-07-12
2367,2404,Closed Lost,257.00,2013-05-31
2368,8581,Closed Lost,751.00,2013-03-09
2369,8755,Closed Lost,1196.00,2013-02-24
2370,10177,Closed Lost,1338.00,2013-02-18
2371,2429,Closed Lost,1338.00,2013-02-18
2372,8920,Closed Lost,1128.00,2013-01-16
2373,8430,Closed Lost,22.00,2012-12-28
2374,8619,Closed Lost,22.00,2012-12-28
2375,8996,Closed Lost,603.00,2012-11-23
2376,7233,Closed Lost,1782.00,2012-09-21
2377,6678,Closed Lost,72.00,2014-04-02
2378,830,Closed Won,1658.00,2014-03-01
2379,6365,Closed Lost,80.00,2013-09-07
2380,6770,Closed Won,68.00,2013-08-25
2381,2261,Closed Lost,16.00,2013-06-28
2382,1031,Closed Lost,1062.00,2013-05-10
2383,10089,Closed Won,1112.00,2013-04-10
2384,9256,Closed Lost,1001.00,2013-01-09
2385,10641,Closed Lost,57.00,2013-01-01
2386,624,Closed Won,35.00,2012-11-15
2387,4211,Closed Lost,57.00,2012-11-03
2388,1407,Closed Lost,57.00,2012-11-03
2389,10356,Closed Lost,32.00,2012-09-27
2390,9323,Closed Won,874.00,2012-09-12
2391,1146,Closed Won,874.00,2012-09-12
2392,6343,Closed Lost,1518.00,2014-04-06
2393,8545,Closed Won,1789.00,2014-03-27
2394,8275,Closed Lost,20.00,2014-02-15
2395,10673,Closed Lost,1416.00,2013-11-23
2396,8799,Closed Lost,153.00,2013-09-29
2397,67,Closed Lost,92.00,2013-09-24
2398,9923,Closed Lost,92.00,2013-09-24
2399,2814,Closed Lost,31.00,2013-07-03
2400,2711,Closed Lost,31.00,2013-07-03
2401,4320,Closed Lost,943.00,2013-04-03
2402,10451,Closed Lost,25.00,2013-03-18
2403,4198,Closed Lost,25.00,2013-03-18
2404,10814,Closed Won,1376.00,2013-01-22
2405,944,Closed Lost,393.00,2013-01-14
2406,8151,Closed Lost,263.00,2013-01-04
2407,6184,Closed Lost,1670.00,2012-12-18
2408,3498,Closed Won,877.00,2012-12-01
2409,2870,Closed Lost,502.00,2012-09-27
2410,7342,Closed Lost,1072.00,2012-09-15
2411,1911,Closed Lost,1364.00,2012-09-11
2412,10862,Closed Lost,326.00,2012-08-23
2413,2546,Closed Lost,70.00,2014-06-29
2414,3005,Closed Won,1650.00,2014-05-08
2415,8318,Closed Lost,1738.00,2014-01-10
2416,2930,Closed Lost,1281.00,2013-12-23
2417,8216,Closed Lost,325.00,2013-10-18
2418,1212,Closed Lost,936.00,2013-08-20
2419,2541,Closed Lost,48.00,2013-06-16
2420,10659,Closed Lost,53.00,2013-05-14
2421,10905,Closed Won,252.00,2012-11-05
2422,8910,Closed Won,252.00,2012-11-05
2423,7349,Closed Won,103.00,2012-10-09
2424,7872,Closed Won,557.00,2012-09-19
2425,4290,Closed Lost,24.00,2014-03-27
2426,7408,Closed Lost,233.00,2014-03-11
2427,9986,Closed Won,54.00,2014-03-02
2428,8235,Closed Lost,843.00,2014-02-01
2429,10949,Closed Won,1958.00,2013-12-24
2430,7284,Closed Lost,20.00,2013-12-12
2431,9529,Closed Won,1627.00,2013-12-06
2432,9930,Closed Lost,1167.00,2013-11-13
2433,10270,Closed Lost,66.00,2013-10-11
2434,760,Closed Lost,811.00,2013-08-17
2435,5519,Closed Won,797.00,2013-08-15
2436,232,Closed Lost,530.00,2013-07-25
2437,3009,Closed Won,1766.00,2013-07-17
2438,6518,Closed Lost,606.00,2013-06-19
2439,10669,Closed Lost,470.00,2013-05-25
2440,5682,Closed Lost,1099.00,2013-03-31
2441,1570,Closed Lost,1039.00,2013-02-27
2442,1497,Closed Lost,407.00,2013-01-27
2443,9723,Closed Lost,1016.00,2013-01-18
2444,7261,Closed Won,318.00,2013-01-09
2445,2452,Closed Won,318.00,2013-01-09
2446,5621,Closed Won,316.00,2012-12-20
2447,10995,Closed Lost,92.00,2012-11-20
2448,7373,Closed Won,302.00,2012-11-06
2449,5331,Closed Lost,1869.00,2012-09-19
2450,263,Closed Won,145.00,2014-06-06
2451,4619,Closed Lost,277.00,2014-06-06
2452,940,Closed Lost,311.00,2014-05-27
2453,10084,Closed Lost,50.00,2014-05-27
2454,6019,Closed Won,72.00,2014-04-08
2455,1463,Closed Lost,21.00,2014-04-07
2456,6424,Closed Lost,49.00,2014-02-08
2457,8233,Closed Lost,556.00,2014-02-04
2458,1515,Closed Lost,28.00,2014-01-31
2459,10855,Closed Lost,396.00,2014-01-31
2460,10909,Closed Lost,1899.00,2014-01-24
2461,3376,Closed Lost,235.00,2013-12-22
2462,10232,Closed Lost,331.00,2013-11-14
2463,5547,Closed Won,1919.00,2013-08-16
2464,8362,Closed Won,1919.00,2013-08-16
2465,3524,Closed Won,167.00,2013-08-13
2466,10095,Closed Lost,1293.00,2013-05-10
2467,8897,Closed Won,654.00,2013-05-03
2468,466,Closed Lost,746.00,2013-04-12
2469,11025,Closed Lost,138.00,2013-02-12
2470,2387,Closed Won,275.00,2013-02-12
2471,1618,Closed Won,692.00,2013-01-11
2472,25,Closed Lost,1115.00,2012-11-25
2473,3277,Closed Lost,365.00,2012-08-12
2474,8566,Closed Lost,9.00,2014-06-25
2475,2634,Closed Won,69.00,2014-04-28
2476,8036,Closed Lost,63.00,2014-04-28
2477,8159,Closed Lost,182.00,2014-04-11
2478,7628,Closed Lost,76.00,2014-03-28
2479,9597,Closed Lost,725.00,2014-02-20
2480,1384,Closed Lost,62.00,2013-12-03
2481,10150,Closed Won,1449.00,2013-12-01
2482,3885,Closed Won,63.00,2013-10-26
2483,11003,Closed Lost,50.00,2013-10-12
2484,8026,Closed Lost,463.00,2013-10-10
2485,577,Closed Lost,22.00,2013-08-30
2486,8702,Closed Lost,22.00,2013-08-30
2487,5429,Closed Lost,183.00,2013-08-30
2488,977,Closed Lost,414.00,2013-08-11
2489,2793,Closed Lost,1034.00,2013-07-31
2490,1071,Closed Lost,1034.00,2013-07-31
2491,5074,Closed Lost,47.00,2013-07-18
2492,2632,Closed Won,500.00,2013-06-28
2493,6404,Closed Lost,282.00,2013-04-03
2494,10240,Closed Won,1381.00,2013-03-01
2495,2521,Closed Won,59.00,2013-01-20
2496,4301,Closed Won,59.00,2013-01-20
2497,7381,Closed Won,1442.00,2012-12-16
2498,2407,Closed Won,1555.00,2012-11-19
2499,9064,Closed Won,1555.00,2012-11-19
2500,5067,Closed Lost,1378.00,2014-02-25
2501,10281,Closed Won,602.00,2014-02-18
2502,11191,Closed Lost,139.00,2013-12-18
2503,1994,Closed Lost,19.00,2013-11-26
2504,2552,Closed Won,446.00,2013-11-02
2505,6720,Closed Won,492.00,2013-10-27
2506,4557,Closed Lost,67.00,2013-10-15
2507,1183,Closed Lost,22.00,2013-10-02
2508,4186,Closed Lost,76.00,2013-08-16
2509,1419,Closed Lost,76.00,2013-08-16
2510,967,Closed Won,515.00,2013-08-01
2511,1048,Closed Won,178.00,2013-07-25
2512,9262,Closed Lost,52.00,2013-07-15
2513,3427,Closed Lost,734.00,2013-04-23
2514,5892,Closed Lost,221.00,2013-04-21
2515,8911,Closed Lost,702.00,2013-04-19
2516,6606,Closed Lost,1161.00,2013-04-11
2517,2677,Closed Lost,241.00,2013-04-11
2518,252,Closed Lost,601.00,2013-03-28
2519,9860,Closed Lost,215.00,2013-03-26
2520,1388,Closed Lost,112.00,2013-03-03
2521,979,Closed Lost,112.00,2013-03-03
2522,7494,Closed Lost,269.00,2013-02-01
2523,10490,Closed Lost,417.00,2012-12-21
2524,3403,Closed Lost,2092.00,2012-10-05
2525,2715,Closed Won,180.00,2012-08-17
2526,4828,Closed Lost,792.00,2014-06-30
2527,92,Closed Lost,89.00,2014-05-24
2528,3312,Closed Lost,89.00,2014-05-24
2529,11176,Closed Lost,495.00,2014-05-24
2530,1446,Closed Lost,1226.00,2014-04-17
2531,9699,Closed Lost,733.00,2014-01-02
2532,9790,Closed Won,1334.00,2013-12-05
2533,2324,Closed Lost,1065.00,2013-11-08
2534,5080,Closed Won,1258.00,2013-11-02
2535,4992,Closed Won,69.00,2013-10-01
2536,7849,Closed Lost,1052.00,2013-09-21
2537,4808,Closed Lost,17.00,2013-09-17
2538,10401,Closed Lost,18.00,2013-09-16
2539,7793,Closed Lost,800.00,2013-09-12
2540,9303,Closed Lost,32.00,2013-08-11
2541,6853,Closed Won,1438.00,2013-07-16
2542,7366,Closed Won,1438.00,2013-07-16
2543,9780,Closed Lost,795.00,2013-07-07
2544,7573,Closed Won,86.00,2013-05-22
2545,1379,Closed Lost,241.00,2013-05-09
2546,8923,Closed Won,1587.00,2013-04-30
2547,3547,Closed Won,64.00,2013-01-11
2548,8707,Closed Won,1401.00,2012-09-03
2549,1891,Closed Won,1754.00,2012-08-20
2550,6271,Closed Lost,63.00,2014-07-02
2551,9635,Closed Lost,129.00,2014-05-03
2552,9727,Closed Lost,81.00,2014-03-13
2553,6205,Closed Won,80.00,2014-03-09
2554,10681,Closed Lost,889.00,2014-01-28
2555,5156,Closed Lost,889.00,2014-01-28
2556,3050,Closed Lost,235.00,2013-12-30
2557,8164,Closed Lost,1908.00,2013-12-08
2558,5626,Closed Lost,463.00,2013-12-06
2559,7600,Closed Lost,29.00,2013-11-10
2560,6406,Closed Lost,1427.00,2013-11-10
2561,7002,Closed Lost,398.00,2013-10-16
2562,8234,Closed Won,18.00,2013-08-28
2563,6116,Closed Lost,75.00,2013-07-18
2564,291,Closed Lost,981.00,2013-07-02
2565,8779,Closed Won,172.00,2013-06-29
2566,4931,Closed Lost,1730.00,2013-05-12
2567,1650,Closed Lost,1643.00,2013-05-05
2568,9701,Closed Lost,312.00,2013-04-01
2569,6431,Closed Lost,68.00,2013-03-08
2570,10789,Closed Lost,68.00,2013-03-08
2571,5302,Closed Won,1428.00,2013-02-28
2572,4459,Closed Lost,37.00,2013-01-12
2573,10642,Closed Lost,37.00,2013-01-12
2574,9213,Closed Lost,15.00,2012-11-13
2575,3678,Closed Won,656.00,2012-10-20
2576,3698,Closed Won,2130.00,2012-08-22
2577,5929,Closed Lost,48.00,2014-05-20
2578,10795,Closed Lost,48.00,2014-05-20
2579,4390,Closed Lost,841.00,2014-04-29
2580,9362,Closed Lost,568.00,2014-03-19
2581,1577,Closed Won,1736.00,2014-03-05
2582,4609,Closed Lost,486.00,2014-01-25
2583,7143,Closed Lost,820.00,2013-11-20
2584,1729,Closed Lost,1377.00,2013-10-16
2585,10664,Closed Lost,467.00,2013-09-21
2586,5029,Closed Lost,14.00,2013-08-20
2587,10507,Closed Lost,797.00,2013-08-08
2588,3865,Closed Won,73.00,2013-05-14
2589,6982,Closed Lost,1581.00,2013-04-02
2590,7042,Closed Won,66.00,2013-03-15
2591,9668,Closed Lost,77.00,2013-01-26
2592,6878,Closed Lost,324.00,2012-12-26
2593,4099,Closed Lost,62.00,2012-11-26
2594,5031,Closed Won,1833.00,2012-10-06
2595,1970,Closed Lost,103.00,2012-09-24
2596,5726,Closed Lost,60.00,2014-04-04
2597,5231,Closed Lost,51.00,2014-03-14
2598,1307,Closed Lost,63.00,2014-02-24
2599,10609,Closed Lost,88.00,2013-10-27
2600,5782,Closed Lost,763.00,2013-10-13
2601,7533,Closed Lost,187.00,2013-10-09
2602,9493,Closed Won,1808.00,2013-05-20
2603,2253,Closed Lost,85.00,2013-03-03
2604,2326,Closed Lost,85.00,2013-03-03
2605,1876,Closed Lost,85.00,2013-03-03
2606,7141,Closed Won,213.00,2013-01-13
2607,7393,Closed Lost,92.00,2012-12-25
2608,4713,Closed Lost,125.00,2012-12-07
2609,5093,Closed Won,101.00,2012-10-03
2610,8524,Closed Won,101.00,2012-10-03
2611,3766,Closed Won,835.00,2012-08-31
2612,9725,Closed Lost,12.00,2014-06-21
2613,8933,Closed Lost,66.00,2014-05-28
2614,10779,Closed Lost,49.00,2014-04-29
2615,9289,Closed Won,63.00,2014-04-26
2616,2613,Closed Lost,237.00,2014-04-19
2617,10133,Closed Won,2349.00,2014-02-28
2618,8443,Closed Won,86.00,2014-02-26
2619,10796,Closed Lost,66.00,2014-02-07
2620,10241,Closed Lost,14.00,2013-12-31
2621,3388,Closed Lost,294.00,2013-11-15
2622,6507,Closed Lost,56.00,2013-10-20
2623,7446,Closed Lost,716.00,2013-09-25
2624,87,Closed Lost,57.00,2013-09-11
2625,10477,Closed Lost,102.00,2013-08-22
2626,6072,Closed Won,2087.00,2013-02-18
2627,2518,Closed Lost,30.00,2013-02-10
2628,247,Closed Won,357.00,2012-12-03
2629,9463,Closed Lost,1443.00,2012-11-29
2630,1459,Closed Lost,928.00,2012-11-23
2631,9530,Closed Lost,17.00,2012-11-17
2632,9653,Closed Lost,68.00,2012-11-01
2633,10785,Closed Lost,41.00,2014-07-06
2634,9392,Closed Lost,17.00,2014-05-25
2635,3769,Closed Lost,42.00,2014-03-19
2636,10146,Closed Lost,42.00,2014-03-19
2637,4741,Closed Lost,562.00,2014-02-16
2638,1880,Closed Lost,93.00,2014-02-16
2639,6471,Closed Lost,59.00,2013-11-03
2640,5718,Closed Won,1415.00,2013-09-01
2641,3478,Closed Won,736.00,2013-07-11
2642,7848,Closed Lost,368.00,2013-06-30
2643,7999,Closed Won,1743.00,2013-05-10
2644,11101,Closed Lost,836.00,2013-05-02
2645,9212,Closed Lost,1678.00,2013-03-03
2646,10983,Closed Lost,930.00,2013-02-15
2647,3629,Closed Lost,145.00,2013-01-05
2648,4673,Closed Won,1241.00,2012-11-16
2649,796,Closed Lost,1071.00,2012-11-09
2650,618,Closed Lost,797.00,2012-10-15
2651,380,Closed Won,1804.00,2012-09-27
2652,1092,Closed Lost,1147.00,2012-08-28
2653,8962,Closed Lost,37.00,2014-05-05
2654,8207,Closed Lost,40.00,2014-04-05
2655,6521,Closed Lost,1101.00,2014-04-05
2656,535,Closed Lost,778.00,2014-03-15
2657,4608,Closed Won,778.00,2014-03-15
2658,11086,Closed Lost,21.00,2014-02-05
2659,1064,Closed Lost,42.00,2013-12-29
2660,7000,Closed Lost,817.00,2013-10-31
2661,1581,Closed Won,17.00,2013-10-28
2662,7384,Closed Lost,485.00,2013-08-08
2663,10552,Closed Lost,367.00,2013-06-07
2664,6409,Closed Won,1179.00,2013-06-05
2665,9507,Closed Lost,434.00,2013-04-25
2666,9560,Closed Won,1674.00,2013-03-21
2667,10991,Closed Lost,850.00,2012-12-25
2668,4712,Closed Lost,82.00,2012-12-16
2669,11056,Closed Lost,1188.00,2012-11-14
2670,7414,Closed Lost,186.00,2012-10-03
2671,3076,Closed Lost,612.00,2012-09-25
2672,6355,Closed Lost,45.00,2014-07-06
2673,7959,Closed Lost,1370.00,2014-06-17
2674,5512,Closed Lost,518.00,2014-06-11
2675,10102,Closed Lost,1478.00,2014-05-31
2676,9369,Closed Won,1274.00,2014-04-07
2677,3711,Closed Lost,1902.00,2014-03-20
2678,6931,Closed Won,1062.00,2014-03-06
2679,9596,Closed Lost,664.00,2014-01-11
2680,2727,Closed Lost,409.00,2013-12-23
2681,8416,Closed Lost,44.00,2013-12-18
2682,3967,Closed Lost,943.00,2013-11-13
2683,2139,Closed Lost,31.00,2013-10-21
2684,2162,Closed Lost,561.00,2013-10-07
2685,9242,Closed Won,1722.00,2013-09-05
2686,10595,Closed Lost,69.00,2013-07-27
2687,4855,Closed Won,46.00,2013-06-25
2688,5049,Closed Lost,46.00,2013-06-25
2689,4967,Closed Lost,268.00,2013-04-17
2690,5255,Closed Lost,637.00,2013-03-11
2691,9215,Closed Lost,551.00,2012-12-31
2692,3525,Closed Lost,17.00,2012-12-26
2693,3619,Closed Won,1152.00,2012-10-12
2694,4415,Closed Lost,38.00,2012-10-01
2695,3645,Closed Won,70.00,2012-09-18
2696,4692,Closed Won,71.00,2012-08-20
2697,3955,Closed Lost,6.00,2014-07-12
2698,5313,Closed Lost,44.00,2014-05-08
2699,7196,Closed Lost,13.00,2014-02-28
2700,1381,Closed Won,324.00,2014-02-17
2701,10951,Closed Lost,306.00,2014-02-14
2702,4322,Closed Lost,1291.00,2013-12-17
2703,7444,Closed Lost,30.00,2013-11-08
2704,2942,Closed Lost,486.00,2013-05-27
2705,2874,Closed Lost,32.00,2013-03-27
2706,3667,Closed Won,1757.00,2013-03-20
2707,3697,Closed Lost,134.00,2013-03-04
2708,9955,Closed Lost,134.00,2013-03-04
2709,5320,Closed Won,171.00,2013-02-18
2710,6422,Closed Lost,1270.00,2013-02-06
2711,3690,Closed Won,2091.00,2013-01-31
2712,2408,Closed Lost,733.00,2012-12-10
2713,9260,Closed Lost,1706.00,2012-11-25
2714,9648,Closed Lost,253.00,2012-11-23
2715,4939,Closed Lost,317.00,2012-09-20
2716,8652,Closed Lost,317.00,2012-09-20
2717,4702,Closed Lost,1895.00,2012-09-01
2718,2587,Closed Lost,20.00,2014-06-05
2719,2811,Closed Lost,62.00,2014-05-03
2720,9150,Closed Lost,62.00,2014-05-03
2721,10127,Closed Lost,395.00,2014-04-27
2722,5493,Closed Lost,23.00,2014-04-09
2723,2666,Closed Lost,907.00,2014-02-27
2724,10099,Closed Lost,882.00,2013-10-26
2725,10562,Closed Lost,1033.00,2013-10-19
2726,7881,Closed Lost,1033.00,2013-10-19
2727,6721,Closed Lost,1213.00,2013-08-19
2728,5204,Closed Won,1461.00,2013-07-20
2729,5209,Closed Lost,638.00,2013-07-08
2730,10128,Closed Lost,907.00,2013-06-29
2731,9284,Closed Lost,907.00,2013-06-29
2732,8643,Closed Lost,1662.00,2013-06-16
2733,1685,Closed Lost,1482.00,2013-04-07
2734,2877,Closed Lost,541.00,2013-02-11
2735,8369,Closed Lost,28.00,2012-11-29
2736,6233,Closed Lost,971.00,2012-09-28
2737,195,Closed Won,246.00,2012-09-16
2738,1501,Closed Lost,1717.00,2012-08-25
2739,10846,Closed Lost,629.00,2014-06-20
2740,8341,Closed Won,34.00,2014-05-22
2741,10766,Closed Lost,506.00,2014-05-03
2742,9971,Closed Lost,506.00,2014-05-03
2743,1740,Closed Lost,999.00,2014-04-29
2744,8737,Closed Lost,43.00,2014-04-27
2745,6466,Closed Lost,121.00,2014-04-03
2746,10430,Closed Lost,1472.00,2013-10-31
2747,8773,Closed Lost,322.00,2013-07-17
2748,2371,Closed Lost,81.00,2013-05-05
2749,7786,Closed Lost,160.00,2013-03-07
2750,4088,Closed Lost,155.00,2012-12-28
2751,4971,Closed Lost,155.00,2012-12-28
2752,10560,Closed Lost,20.00,2014-07-09
2753,6892,Closed Lost,732.00,2014-06-26
2754,11004,Closed Lost,22.00,2014-06-09
2755,1818,Closed Lost,38.00,2014-04-17
2756,9485,Closed Lost,199.00,2014-04-02
2757,6646,Closed Lost,22.00,2014-03-24
2758,4248,Closed Lost,2008.00,2014-03-12
2759,7451,Closed Lost,2008.00,2014-03-12
2760,7861,Closed Lost,1175.00,2014-02-28
2761,5232,Closed Lost,227.00,2014-02-19
2762,3011,Closed Lost,227.00,2014-02-19
2763,5758,Closed Won,1189.00,2014-02-06
2764,2173,Closed Lost,32.00,2013-11-08
2765,10711,Closed Lost,894.00,2013-10-25
2766,8268,Closed Lost,404.00,2013-08-03
2767,2782,Closed Lost,404.00,2013-08-03
2768,9432,Closed Lost,62.00,2013-06-25
2769,5872,Closed Lost,639.00,2013-06-24
2770,11187,Closed Lost,69.00,2013-06-12
2771,2428,Closed Lost,78.00,2013-05-27
2772,1726,Closed Won,81.00,2013-04-10
2773,1802,Closed Lost,680.00,2013-02-09
2774,1162,Closed Won,653.00,2013-02-02
2775,10643,Closed Won,653.00,2013-02-02
2776,11112,Closed Lost,1477.00,2012-12-26
2777,2114,Closed Won,1315.00,2012-12-17
2778,4261,Closed Won,1315.00,2012-12-17
2779,2457,Closed Lost,45.00,2012-11-18
2780,2495,Closed Lost,816.00,2014-07-14
2781,6983,Closed Lost,45.00,2014-05-25
2782,3436,Closed Lost,20.00,2014-02-19
2783,7505,Closed Lost,46.00,2014-02-12
2784,4286,Closed Lost,679.00,2014-02-02
2785,7224,Closed Lost,31.00,2014-01-22
2786,6215,Closed Won,31.00,2014-01-22
2787,968,Closed Lost,187.00,2014-01-19
2788,4096,Closed Lost,187.00,2014-01-19
2789,3153,Closed Lost,17.00,2014-01-01
2790,6504,Closed Lost,78.00,2013-12-14
2791,5329,Closed Lost,11.00,2013-10-21
2792,1175,Closed Won,426.00,2013-10-14
2793,1377,Closed Lost,285.00,2013-09-24
2794,4607,Closed Lost,777.00,2013-09-16
2795,4944,Closed Lost,777.00,2013-09-16
2796,9483,Closed Lost,637.00,2013-09-12
2797,1378,Closed Lost,694.00,2013-08-17
2798,5991,Closed Lost,266.00,2013-07-02
2799,2807,Closed Lost,1001.00,2013-03-12
2800,1052,Closed Lost,1001.00,2013-03-12
2801,9760,Closed Won,1198.00,2013-02-18
2802,7101,Closed Lost,1198.00,2013-02-18
2803,9909,Closed Won,122.00,2012-12-03
2804,5907,Closed Lost,18.00,2012-11-27
2805,793,Closed Lost,45.00,2012-10-30
2806,8832,Closed Lost,123.00,2012-10-06
2807,2535,Closed Won,844.00,2012-09-11
2808,1523,Closed Lost,96.00,2014-06-01
2809,1839,Closed Lost,141.00,2014-05-16
2810,9972,Closed Lost,46.00,2014-05-08
2811,2945,Closed Lost,46.00,2014-05-08
2812,9291,Closed Lost,15.00,2014-04-17
2813,2829,Closed Lost,731.00,2014-04-04
2814,8594,Closed Lost,135.00,2014-02-22
2815,1592,Closed Lost,1724.00,2014-02-18
2816,4310,Closed Won,1428.00,2014-02-16
2817,6950,Closed Lost,54.00,2014-01-09
2818,8492,Closed Lost,1493.00,2013-12-04
2819,5684,Closed Lost,68.00,2013-11-05
2820,5909,Closed Lost,1171.00,2013-10-14
2821,9855,Closed Lost,1020.00,2013-09-19
2822,975,Closed Lost,264.00,2013-06-22
2823,8754,Closed Lost,20.00,2013-06-10
2824,1456,Closed Lost,1180.00,2013-04-26
2825,2849,Closed Lost,1180.00,2013-04-26
2826,9984,Closed Won,724.00,2013-04-21
2827,5527,Closed Lost,58.00,2013-03-10
2828,5628,Closed Lost,1665.00,2013-03-05
2829,7627,Closed Won,2086.00,2013-01-06
2830,1351,Closed Lost,1220.00,2012-10-15
2831,10629,Closed Lost,109.00,2012-10-09
2832,10395,Closed Lost,101.00,2012-09-16
2833,6961,Closed Lost,11.00,2014-06-17
2834,10196,Closed Lost,614.00,2014-04-07
2835,6182,Closed Lost,53.00,2014-03-08
2836,10432,Closed Lost,22.00,2014-02-25
2837,1542,Closed Lost,396.00,2014-01-25
2838,4220,Closed Lost,87.00,2013-11-28
2839,4141,Closed Lost,776.00,2013-09-16
2840,1940,Closed Lost,18.00,2013-08-07
2841,1506,Closed Won,140.00,2013-07-24
2842,6347,Closed Lost,36.00,2013-07-23
2843,1361,Closed Won,1435.00,2013-06-30
2844,9422,Closed Lost,131.00,2013-06-26
2845,1081,Closed Lost,1019.00,2013-04-22
2846,7458,Closed Lost,97.00,2013-04-01
2847,1012,Closed Lost,884.00,2013-03-16
2848,5453,Closed Lost,2352.00,2012-10-22
2849,6818,Closed Lost,369.00,2012-10-08
2850,7807,Closed Lost,369.00,2012-10-08
2851,7532,Closed Lost,132.00,2012-09-25
2852,8346,Closed Won,296.00,2012-09-14
2853,5564,Closed Lost,1338.00,2012-09-04
2854,3267,Closed Lost,608.00,2014-07-22
2855,3091,Closed Lost,823.00,2014-05-29
2856,762,Closed Lost,823.00,2014-05-29
2857,8029,Closed Won,1621.00,2014-05-26
2858,4376,Closed Won,93.00,2014-03-14
2859,10981,Closed Lost,1198.00,2014-03-01
2860,486,Closed Lost,1198.00,2014-03-01
2861,1158,Closed Lost,144.00,2014-02-01
2862,9119,Closed Lost,392.00,2014-01-01
2863,6694,Closed Lost,1068.00,2013-12-22
2864,10573,Closed Lost,421.00,2013-12-15
2865,10140,Closed Lost,1727.00,2013-10-25
2866,2286,Closed Lost,114.00,2013-10-07
2867,8420,Closed Lost,64.00,2013-08-30
2868,10065,Closed Lost,64.00,2013-08-30
2869,1029,Closed Lost,279.00,2013-08-28
2870,4207,Closed Lost,1298.00,2013-05-28
2871,10277,Closed Lost,42.00,2013-03-20
2872,4436,Closed Lost,137.00,2013-03-19
2873,2929,Closed Lost,137.00,2013-03-19
2874,6281,Closed Lost,982.00,2013-03-13
2875,10390,Closed Lost,30.00,2013-03-09
2876,2574,Closed Won,1230.00,2013-02-27
2877,709,Closed Lost,1103.00,2013-01-05
2878,5955,Closed Lost,1932.00,2012-12-14
2879,8486,Closed Lost,367.00,2012-10-28
2880,10343,Closed Lost,1345.00,2012-10-26
2881,6652,Closed Lost,1134.00,2014-07-07
2882,8746,Closed Lost,1188.00,2014-05-03
2883,4686,Closed Lost,1686.00,2014-04-30
2884,3551,Closed Lost,198.00,2014-04-26
2885,4338,Closed Lost,44.00,2014-04-22
2886,4444,Closed Lost,61.00,2014-04-21
2887,498,Closed Lost,57.00,2014-03-02
2888,8230,Closed Lost,71.00,2014-02-20
2889,2826,Closed Lost,37.00,2013-11-25
2890,6222,Closed Lost,37.00,2013-11-25
2891,7352,Closed Lost,405.00,2013-11-18
2892,10928,Closed Lost,599.00,2013-10-14
2893,10736,Closed Lost,1525.00,2013-10-10
2894,10163,Closed Won,1323.00,2013-10-08
2895,6168,Closed Lost,53.00,2013-08-12
2896,4656,Closed Lost,710.00,2013-04-27
2897,626,Closed Lost,43.00,2013-04-06
2898,3870,Closed Lost,1006.00,2013-03-09
2899,6299,Closed Won,813.00,2013-01-30
2900,7798,Closed Lost,429.00,2013-01-11
2901,9973,Closed Lost,490.00,2012-11-14
2902,4299,Closed Won,1825.00,2012-10-19
2903,10971,Closed Won,473.00,2012-10-01
2904,9931,Closed Lost,9.00,2014-07-22
2905,6679,Closed Lost,16.00,2014-07-11
2906,5961,Closed Lost,57.00,2014-07-06
2907,6255,Closed Lost,334.00,2014-07-02
2908,8614,Closed Lost,507.00,2014-06-10
2909,7828,Closed Lost,818.00,2014-05-29
2910,1277,Closed Lost,1004.00,2014-05-08
2911,3595,Closed Lost,1138.00,2014-03-29
2912,5735,Closed Lost,2525.00,2014-03-14
2913,5350,Closed Won,2525.00,2014-03-14
2914,4137,Closed Lost,1076.00,2014-01-04
2915,6357,Closed Lost,491.00,2013-12-16
2916,9316,Closed Lost,29.00,2013-12-01
2917,3578,Closed Lost,236.00,2013-11-18
2918,153,Closed Lost,46.00,2013-11-15
2919,10524,Closed Lost,795.00,2013-07-19
2920,1518,Closed Lost,749.00,2013-07-16
2921,2036,Closed Lost,401.00,2013-07-10
2922,9495,Closed Lost,1149.00,2013-06-06
2923,2631,Closed Lost,1149.00,2013-06-06
2924,6312,Closed Lost,863.00,2013-04-15
2925,615,Closed Lost,343.00,2013-04-09
2926,4406,Closed Lost,1471.00,2013-02-14
2927,10061,Closed Lost,1088.00,2013-02-03
2928,10619,Closed Won,1990.00,2013-01-01
2929,4945,Closed Lost,1210.00,2012-12-06
2930,1777,Closed Lost,74.00,2012-10-06
2931,4023,Closed Won,115.00,2012-10-05
2932,7922,Closed Lost,966.00,2012-09-10
2933,10699,Closed Lost,92.00,2014-07-16
2934,7516,Closed Lost,45.00,2014-06-21
2935,3129,Closed Lost,45.00,2014-06-21
2936,5121,Closed Lost,761.00,2014-04-20
2937,2186,Closed Won,2257.00,2014-04-09
2938,10548,Closed Lost,960.00,2014-04-08
2939,6384,Closed Lost,1453.00,2014-03-13
2940,2625,Closed Lost,350.00,2013-12-17
2941,1676,Closed Lost,266.00,2013-11-29
2942,5534,Closed Lost,224.00,2013-11-19
2943,6859,Closed Lost,99.00,2013-11-07
2944,271,Closed Lost,258.00,2013-11-01
2945,7699,Closed Lost,258.00,2013-11-01
2946,7832,Closed Won,1526.00,2013-09-27
2947,938,Closed Lost,87.00,2013-08-29
2948,7873,Closed Lost,300.00,2013-08-05
2949,9967,Closed Lost,447.00,2013-06-29
2950,1087,Closed Won,173.00,2013-06-21
2951,8314,Closed Lost,1772.00,2013-05-05
2952,3762,Closed Won,925.00,2013-05-02
2953,10383,Closed Won,1093.00,2013-05-02
2954,6798,Closed Won,433.00,2013-04-19
2955,4168,Closed Won,433.00,2013-04-19
2956,6690,Closed Lost,90.00,2013-04-13
2957,10602,Closed Lost,156.00,2013-03-16
2958,3220,Closed Lost,156.00,2013-03-16
2959,5424,Closed Lost,156.00,2013-03-16
2960,7488,Closed Lost,825.00,2013-02-21
2961,5289,Closed Lost,72.00,2012-12-09
2962,347,Closed Lost,377.00,2012-10-08
2963,5236,Closed Lost,2194.00,2012-09-24
2964,9478,Closed Lost,401.00,2012-09-13
2965,477,Closed Won,2157.00,2014-07-18
2966,7411,Closed Lost,17.00,2014-07-06
2967,3107,Closed Lost,350.00,2014-06-02
2968,7437,Closed Lost,29.00,2014-05-29
2969,255,Closed Lost,21.00,2014-04-30
2970,3790,Closed Lost,15.00,2014-02-23
2971,749,Closed Won,145.00,2013-12-20
2972,1503,Closed Lost,107.00,2013-07-04
2973,8650,Closed Lost,42.00,2013-04-18
2974,607,Closed Lost,521.00,2013-03-16
2975,1008,Closed Lost,1021.00,2013-01-21
2976,9396,Closed Lost,25.00,2012-12-24
2977,933,Closed Lost,25.00,2012-12-24
2978,5710,Closed Lost,120.00,2012-11-10
2979,2882,Closed Lost,995.00,2012-11-01
2980,2379,Closed Won,1635.00,2012-10-23
2981,5342,Closed Lost,29.00,2012-09-08
2982,3262,Closed Won,1655.00,2012-09-07
2983,5832,Closed Lost,1263.00,2014-05-22
2984,5025,Closed Lost,135.00,2014-01-25
2985,569,Closed Won,1991.00,2014-01-15
2986,3102,Closed Lost,32.00,2013-11-17
2987,9449,Closed Lost,605.00,2013-11-05
2988,8104,Closed Lost,278.00,2013-09-10
2989,75,Closed Lost,467.00,2013-08-26
2990,6421,Closed Lost,2116.00,2013-08-04
2991,3037,Closed Lost,410.00,2013-07-22
2992,4698,Closed Lost,410.00,2013-07-22
2993,948,Closed Lost,41.00,2013-06-16
2994,6177,Closed Lost,169.00,2013-06-09
2995,3517,Closed Won,161.00,2013-06-07
2996,3491,Closed Lost,1260.00,2013-05-31
2997,7610,Closed Lost,460.00,2013-05-20
2998,4377,Closed Lost,575.00,2013-02-08
2999,9850,Closed Lost,19.00,2012-12-31
3000,5544,Closed Lost,1490.00,2012-12-12
3001,6497,Closed Lost,433.00,2012-12-09
3002,4543,Closed Lost,1919.00,2012-12-02
3003,5117,Closed Lost,576.00,2012-09-03
3004,1448,Closed Lost,51.00,2014-07-28
3005,6887,Closed Lost,564.00,2014-05-27
3006,7500,Closed Lost,564.00,2014-05-27
3007,2724,Closed Lost,19.00,2014-05-02
3008,2256,Closed Lost,21.00,2014-05-01
3009,1100,Closed Lost,61.00,2014-04-26
3010,7725,Closed Lost,641.00,2014-04-10
3011,2612,Closed Lost,1682.00,2014-01-26
3012,113,Closed Lost,28.00,2013-08-18
3013,2868,Closed Won,57.00,2013-05-11
3014,4216,Closed Won,1474.00,2013-03-27
3015,199,Closed Lost,315.00,2013-02-22
3016,359,Closed Lost,504.00,2013-02-15
3017,8842,Closed Lost,44.00,2013-01-27
3018,2154,Closed Lost,44.00,2013-01-27
3019,6050,Closed Lost,1513.00,2013-01-13
3020,9204,Closed Lost,1029.00,2012-10-15
3021,4472,Closed Lost,57.00,2014-07-31
3022,6864,Closed Lost,30.00,2014-06-25
3023,10617,Closed Lost,30.00,2014-06-25
3024,3924,Closed Lost,916.00,2014-04-20
3025,5654,Closed Lost,61.00,2014-04-19
3026,9216,Closed Lost,44.00,2014-02-26
3027,8086,Closed Lost,55.00,2014-01-14
3028,9097,Closed Lost,343.00,2013-12-07
3029,7631,Closed Lost,989.00,2013-11-09
3030,7275,Closed Lost,131.00,2013-11-07
3031,8334,Closed Lost,131.00,2013-11-07
3032,1987,Closed Lost,59.00,2013-10-29
3033,2281,Closed Lost,28.00,2013-10-19
3034,7034,Closed Lost,55.00,2013-10-05
3035,2797,Closed Lost,1073.00,2013-09-23
3036,3934,Closed Lost,608.00,2013-09-05
3037,2493,Closed Lost,608.00,2013-09-05
3038,3759,Closed Lost,1155.00,2013-08-28
3039,965,Closed Lost,590.00,2012-12-17
3040,7378,Closed Lost,573.00,2012-10-04
3041,1859,Closed Won,1890.00,2012-09-30
3042,6263,Closed Lost,106.00,2012-09-25
3043,2072,Closed Won,1064.00,2012-09-19
3044,8908,Closed Won,1097.00,2014-06-12
3045,738,Closed Lost,182.00,2014-05-09
3046,10129,Closed Lost,1456.00,2014-04-16
3047,807,Closed Lost,292.00,2014-03-22
3048,3334,Closed Lost,2211.00,2014-03-19
3049,5423,Closed Lost,16.00,2013-12-01
3050,4426,Closed Lost,527.00,2013-10-27
3051,10489,Closed Won,1778.00,2013-09-23
3052,2570,Closed Won,815.00,2013-08-27
3053,3834,Closed Lost,861.00,2013-04-21
3054,590,Closed Won,1812.00,2013-01-26
3055,4791,Closed Lost,41.00,2013-01-20
3056,5304,Closed Lost,33.00,2012-11-17
3057,2426,Closed Won,895.00,2012-10-19
3058,35,Closed Won,210.00,2012-10-13
3059,8041,Closed Lost,1092.00,2012-10-13
3060,3584,Closed Won,1396.00,2012-09-24
3061,7718,Closed Lost,711.00,2014-05-26
3062,8605,Closed Lost,68.00,2014-04-28
3063,1646,Closed Lost,46.00,2014-04-21
3064,9206,Closed Lost,1121.00,2014-02-12
3065,10757,Closed Lost,13.00,2014-01-29
3066,6885,Closed Lost,55.00,2014-01-06
3067,907,Closed Lost,362.00,2014-01-04
3068,1150,Closed Lost,1853.00,2013-11-01
3069,3867,Closed Lost,1095.00,2013-10-06
3070,3859,Closed Lost,1095.00,2013-10-06
3071,3265,Closed Lost,46.00,2013-04-24
3072,4418,Closed Won,1644.00,2013-04-02
3073,4611,Closed Won,1724.00,2013-02-26
3074,4530,Closed Won,1930.00,2012-11-29
3075,7736,Closed Won,61.00,2012-11-27
3076,9949,Closed Lost,877.00,2012-11-23
3077,942,Closed Won,299.00,2012-09-13
3078,6181,Closed Lost,939.00,2012-09-05
3079,7660,Closed Won,49.00,2014-06-25
3080,2055,Closed Lost,49.00,2014-06-25
3081,5107,Closed Lost,49.00,2014-06-25
3082,1626,Closed Won,49.00,2014-06-25
3083,6428,Closed Lost,1130.00,2014-06-09
3084,9617,Closed Lost,19.00,2014-05-23
3085,4339,Closed Lost,913.00,2014-02-06
3086,7235,Closed Lost,38.00,2014-01-15
3087,8527,Closed Lost,395.00,2014-01-13
3088,1968,Closed Lost,28.00,2014-01-08
3089,9862,Closed Lost,33.00,2013-12-21
3090,11075,Closed Lost,270.00,2013-12-05
3091,6658,Closed Lost,1194.00,2013-08-28
3092,4552,Closed Lost,393.00,2013-07-29
3093,10377,Closed Lost,397.00,2013-07-13
3094,5336,Closed Lost,59.00,2013-07-11
3095,10350,Closed Lost,38.00,2013-06-15
3096,11071,Closed Won,1923.00,2013-05-28
3097,11100,Closed Lost,63.00,2013-05-18
3098,6516,Closed Lost,18.00,2013-04-24
3099,1734,Closed Lost,81.00,2013-02-23
3100,2131,Closed Lost,1307.00,2013-02-05
3101,6439,Closed Lost,1102.00,2012-09-23
3102,10591,Closed Lost,201.00,2012-09-12
3103,9797,Closed Lost,443.00,2014-05-21
3104,9336,Closed Lost,636.00,2014-04-29
3105,2174,Closed Lost,27.00,2014-04-15
3106,3197,Closed Lost,670.00,2014-01-23
3107,9185,Closed Won,1029.00,2013-12-05
3108,905,Closed Lost,84.00,2013-11-29
3109,10858,Closed Lost,820.00,2013-10-17
3110,8925,Closed Lost,1012.00,2013-08-10
3111,2499,Closed Lost,563.00,2013-06-13
3112,1109,Closed Lost,12.00,2013-05-31
3113,326,Closed Lost,315.00,2013-03-28
3114,10967,Closed Lost,99.00,2013-03-16
3115,5370,Closed Lost,413.00,2013-02-23
3116,2098,Closed Lost,17.00,2013-02-15
3117,1773,Closed Lost,57.00,2013-01-11
3118,5036,Closed Lost,406.00,2013-01-05
3119,4856,Closed Lost,1853.00,2012-12-14
3120,8722,Closed Won,1853.00,2012-12-14
3121,2156,Closed Lost,41.00,2012-12-11
3122,2569,Closed Lost,46.00,2012-11-17
3123,10151,Closed Lost,946.00,2012-10-20
3124,10473,Closed Won,528.00,2012-10-18
3125,7079,Closed Lost,1245.00,2012-10-16
3126,6875,Closed Lost,529.00,2012-10-05
3127,6728,Closed Lost,48.00,2012-10-04
3128,2471,Closed Lost,299.00,2014-08-05
3129,49,Closed Lost,25.00,2014-06-19
3130,4973,Closed Lost,25.00,2014-06-19
3131,6387,Closed Lost,77.00,2014-06-16
3132,5866,Closed Lost,219.00,2014-04-28
3133,8523,Closed Lost,60.00,2014-01-22
3134,7901,Closed Lost,22.00,2013-12-15
3135,898,Closed Lost,147.00,2013-11-29
3136,10242,Closed Lost,75.00,2013-10-25
3137,5835,Closed Lost,65.00,2013-08-10
3138,6919,Closed Lost,63.00,2013-07-13
3139,6197,Closed Lost,57.00,2013-05-29
3140,10475,Closed Lost,317.00,2013-05-10
3141,4201,Closed Lost,468.00,2013-04-11
3142,5092,Closed Won,467.00,2013-03-23
3143,6566,Closed Lost,1319.00,2012-12-17
3144,6613,Closed Lost,727.00,2012-11-20
3145,9094,Closed Won,587.00,2012-09-11
3146,9847,Closed Lost,587.00,2012-09-11
3147,10767,Closed Lost,1346.00,2014-06-25
3148,7943,Closed Lost,35.00,2014-06-04
3149,1055,Closed Lost,45.00,2014-04-29
3150,1458,Closed Lost,44.00,2014-02-16
3151,8402,Closed Lost,794.00,2014-01-26
3152,6246,Closed Won,1507.00,2013-12-23
3153,4654,Closed Lost,1253.00,2013-12-17
3154,6103,Closed Lost,100.00,2013-10-16
3155,8147,Closed Lost,48.00,2013-08-15
3156,10207,Closed Lost,15.00,2013-07-29
3157,4838,Closed Lost,15.00,2013-07-29
3158,10219,Closed Lost,38.00,2013-07-28
3159,2176,Closed Won,1690.00,2013-06-29
3160,9121,Closed Won,1690.00,2013-06-29
3161,5802,Closed Lost,75.00,2013-04-09
3162,10790,Closed Lost,21.00,2013-03-31
3163,178,Closed Lost,973.00,2013-03-30
3164,2308,Closed Lost,330.00,2012-12-28
3165,7431,Closed Won,1820.00,2012-12-20
3166,9405,Closed Won,172.00,2012-11-24
3167,10525,Closed Won,27.00,2012-11-22
3168,7503,Closed Won,2209.00,2012-11-21
3169,8783,Closed Lost,454.00,2012-10-18
3170,1403,Closed Lost,38.00,2012-10-16
3171,4643,Closed Lost,176.00,2012-10-05
3172,3463,Closed Lost,904.00,2014-07-25
3173,4055,Closed Lost,64.00,2014-07-09
3174,7010,Closed Lost,1363.00,2014-05-18
3175,4767,Closed Lost,1363.00,2014-05-18
3176,1927,Closed Lost,690.00,2014-05-03
3177,437,Closed Lost,1027.00,2014-03-07
3178,4331,Closed Lost,1371.00,2014-03-05
3179,4084,Closed Lost,873.00,2014-02-27
3180,8135,Closed Lost,52.00,2013-12-08
3181,9750,Closed Lost,1307.00,2013-03-20
3182,6682,Closed Lost,37.00,2013-01-21
3183,10581,Closed Lost,506.00,2012-12-11
3184,3710,Closed Won,81.00,2012-11-22
3185,5207,Closed Won,793.00,2012-11-04
3186,9360,Closed Lost,316.00,2012-09-18
3187,4679,Closed Lost,1092.00,2014-07-04
3188,1340,Closed Lost,1795.00,2014-06-05
3189,10839,Closed Lost,29.00,2014-05-26
3190,5303,Closed Lost,1113.00,2014-05-20
3191,9829,Closed Lost,78.00,2014-03-26
3192,10469,Closed Lost,1623.00,2014-03-19
3193,3602,Closed Lost,195.00,2014-02-11
3194,4756,Closed Won,1168.00,2014-01-31
3195,8181,Closed Lost,177.00,2013-10-25
3196,6958,Closed Lost,26.00,2013-08-16
3197,10856,Closed Lost,46.00,2013-08-13
3198,3321,Closed Lost,542.00,2013-06-16
3199,5394,Closed Lost,38.00,2013-04-28
3200,433,Closed Lost,632.00,2013-04-21
3201,6320,Closed Lost,1508.00,2013-03-20
3202,5376,Closed Lost,1730.00,2013-02-17
3203,1867,Closed Won,1336.00,2012-12-25
3204,4324,Closed Lost,684.00,2012-12-10
3205,3661,Closed Lost,1435.00,2012-11-23
3206,521,Closed Lost,581.00,2012-10-30
3207,10403,Closed Lost,44.00,2014-07-31
3208,7186,Closed Lost,35.00,2014-07-08
3209,4329,Closed Lost,16.00,2014-07-05
3210,4394,Closed Lost,1501.00,2014-07-05
3211,1717,Closed Lost,273.00,2014-05-26
3212,1016,Closed Lost,55.00,2014-05-12
3213,3783,Closed Lost,116.00,2014-05-06
3214,5848,Closed Won,2009.00,2014-02-25
3215,10727,Closed Lost,1586.00,2014-01-01
3216,5299,Closed Lost,1586.00,2014-01-01
3217,6872,Closed Lost,405.00,2013-10-03
3218,1143,Closed Lost,55.00,2013-09-20
3219,10381,Closed Lost,21.00,2013-08-17
3220,11007,Closed Lost,34.00,2013-06-21
3221,9145,Closed Lost,1478.00,2013-05-19
3222,5267,Closed Lost,44.00,2013-04-26
3223,9738,Closed Lost,100.00,2013-02-25
3224,10212,Closed Lost,100.00,2013-02-25
3225,10010,Closed Won,152.00,2012-10-19
3226,10069,Closed Lost,58.00,2012-10-13
3227,2694,Closed Lost,24.00,2014-05-01
3228,10613,Closed Lost,62.00,2014-04-11
3229,4646,Closed Lost,978.00,2014-01-14
3230,6935,Closed Lost,978.00,2014-01-14
3231,5596,Closed Lost,728.00,2013-11-25
3232,1044,Closed Lost,596.00,2013-06-27
3233,9274,Closed Lost,1213.00,2013-05-11
3234,9076,Closed Lost,185.00,2013-02-18
3235,4947,Closed Won,2059.00,2012-10-29
3236,10176,Closed Won,416.00,2012-10-07
3237,3507,Closed Won,1575.00,2012-09-30
3238,9235,Closed Lost,18.00,2014-07-11
3239,10341,Closed Lost,222.00,2014-04-09
3240,2639,Closed Lost,68.00,2014-02-24
3241,6201,Closed Lost,49.00,2014-01-13
3242,7397,Closed Lost,688.00,2013-09-02
3243,2181,Closed Lost,1280.00,2013-08-07
3244,1204,Closed Lost,1829.00,2013-07-06
3245,1170,Closed Lost,244.00,2013-05-09
3246,8812,Closed Lost,48.00,2013-04-24
3247,4690,Closed Lost,586.00,2013-03-30
3248,1715,Closed Lost,48.00,2013-03-28
3249,10821,Closed Lost,263.00,2013-03-23
3250,6543,Closed Lost,1612.00,2013-03-01
3251,7119,Closed Lost,825.00,2013-02-26
3252,3518,Closed Lost,50.00,2013-01-19
3253,1245,Closed Lost,1371.00,2012-12-26
3254,2561,Closed Lost,1371.00,2012-12-26
3255,9624,Closed Lost,963.00,2014-07-29
3256,10509,Closed Lost,71.00,2014-07-18
3257,7629,Closed Lost,31.00,2014-06-23
3258,7875,Closed Won,1677.00,2014-06-14
3259,2815,Closed Lost,120.00,2014-04-11
3260,2936,Closed Lost,23.00,2014-01-19
3261,3665,Closed Lost,54.00,2013-12-23
3262,10888,Closed Lost,636.00,2013-12-19
3263,6637,Closed Lost,1117.00,2013-12-18
3264,5077,Closed Lost,969.00,2013-12-18
3265,6173,Closed Lost,969.00,2013-12-18
3266,3969,Closed Lost,133.00,2013-12-17
3267,4580,Closed Won,2486.00,2013-12-10
3268,663,Closed Lost,71.00,2013-10-27
3269,8299,Closed Lost,71.00,2013-10-27
3270,8945,Closed Lost,203.00,2013-10-01
3271,10870,Closed Lost,1341.00,2013-07-29
3272,1184,Closed Lost,845.00,2013-07-07
3273,6141,Closed Lost,385.00,2013-06-10
3274,8825,Closed Lost,564.00,2013-05-17
3275,2217,Closed Lost,23.00,2013-05-14
3276,4102,Closed Lost,23.00,2013-05-14
3277,4653,Closed Lost,189.00,2013-05-11
3278,10092,Closed Lost,1504.00,2013-04-05
3279,5788,Closed Lost,209.00,2013-04-04
3280,4669,Closed Lost,102.00,2013-03-29
3281,6295,Closed Lost,981.00,2013-03-22
3282,7453,Closed Won,488.00,2013-03-20
3283,10841,Closed Lost,484.00,2013-02-09
3284,821,Closed Lost,2077.00,2012-12-04
3285,3933,Closed Lost,662.00,2012-11-28
3286,1225,Closed Lost,1495.00,2014-08-12
3287,7059,Closed Lost,1495.00,2014-08-12
3288,5633,Closed Lost,231.00,2014-08-11
3289,843,Closed Lost,805.00,2014-07-12
3290,6211,Closed Lost,39.00,2014-06-18
3291,7007,Closed Lost,63.00,2014-05-18
3292,9671,Closed Won,69.00,2014-03-14
3293,8975,Closed Lost,69.00,2014-03-14
3294,6616,Closed Lost,461.00,2013-12-09
3295,6248,Closed Won,2217.00,2013-12-03
3296,7428,Closed Lost,1367.00,2013-11-16
3297,3075,Closed Lost,382.00,2013-10-28
3298,2937,Closed Lost,871.00,2013-10-14
3299,203,Closed Lost,2089.00,2013-05-31
3300,2021,Closed Lost,1388.00,2013-05-13
3301,880,Closed Lost,96.00,2013-03-04
3302,524,Closed Lost,96.00,2013-03-04
3303,10837,Closed Won,68.00,2012-12-14
3304,7011,Closed Lost,93.00,2012-11-28
3305,4184,Closed Lost,265.00,2014-07-25
3306,7679,Closed Lost,28.00,2014-07-06
3307,7485,Closed Lost,138.00,2014-06-24
3308,7530,Closed Lost,138.00,2014-06-24
3309,4369,Closed Lost,1169.00,2014-02-27
3310,10652,Closed Lost,1169.00,2014-02-27
3311,286,Closed Lost,152.00,2014-01-16
3312,5922,Closed Lost,218.00,2013-11-30
3313,7250,Closed Lost,612.00,2013-11-18
3314,2478,Closed Lost,38.00,2013-10-18
3315,1160,Closed Lost,49.00,2013-10-10
3316,9214,Closed Lost,358.00,2013-10-03
3317,273,Closed Lost,151.00,2013-09-02
3318,851,Closed Lost,642.00,2013-08-26
3319,9729,Closed Lost,615.00,2013-07-20
3320,9665,Closed Lost,361.00,2013-06-14
3321,2620,Closed Won,23.00,2013-05-31
3322,8254,Closed Lost,23.00,2013-05-31
3323,3852,Closed Lost,964.00,2013-04-25
3324,1000,Closed Lost,964.00,2013-04-25
3325,3099,Closed Lost,310.00,2013-04-14
3326,6318,Closed Lost,1366.00,2013-03-02
3327,5396,Closed Lost,1366.00,2013-03-02
3328,7966,Closed Lost,1191.00,2013-02-25
3329,454,Closed Lost,1135.00,2013-01-01
3330,309,Closed Lost,1101.00,2012-12-03
3331,3571,Closed Won,1101.00,2012-12-03
3332,8395,Closed Won,1511.00,2012-10-07
3333,2591,Closed Lost,932.00,2014-08-10
3334,1640,Closed Lost,108.00,2014-08-10
3335,810,Closed Lost,641.00,2014-06-30
3336,9423,Closed Lost,46.00,2014-04-13
3337,4345,Closed Lost,21.00,2014-03-02
3338,89,Closed Lost,69.00,2014-01-27
3339,5294,Closed Lost,57.00,2014-01-08
3340,1321,Closed Lost,56.00,2013-12-23
3341,2686,Closed Lost,26.00,2013-12-09
3342,1215,Closed Lost,1572.00,2013-11-26
3343,9283,Closed Lost,18.00,2013-10-31
3344,3120,Closed Lost,22.00,2013-10-16
3345,5868,Closed Lost,46.00,2013-10-10
3346,8143,Closed Won,265.00,2013-09-17
3347,3479,Closed Lost,50.00,2013-09-06
3348,7214,Closed Lost,1283.00,2013-08-23
3349,5543,Closed Lost,802.00,2013-08-12
3350,9347,Closed Lost,46.00,2013-08-09
3351,10160,Closed Lost,46.00,2013-08-09
3352,1406,Closed Lost,415.00,2013-04-02
3353,7019,Closed Lost,211.00,2013-03-13
3354,2157,Closed Lost,77.00,2013-03-02
3355,8939,Closed Lost,730.00,2013-02-03
3356,10250,Closed Lost,28.00,2013-01-08
3357,1272,Closed Lost,903.00,2012-12-09
3358,3007,Closed Lost,40.00,2012-11-22
3359,5513,Closed Lost,40.00,2012-11-22
3360,679,Closed Lost,38.00,2012-11-08
3361,8876,Closed Lost,152.00,2012-09-26
3362,10827,Closed Lost,146.00,2012-09-25
3363,7300,Closed Lost,535.00,2014-08-18
3364,4268,Closed Lost,158.00,2014-07-29
3365,4603,Closed Lost,656.00,2014-03-22
3366,8659,Closed Lost,1038.00,2014-03-12
3367,10708,Closed Lost,33.00,2014-02-16
3368,1176,Closed Lost,25.00,2013-11-11
3369,10380,Closed Lost,106.00,2013-11-09
3370,7037,Closed Lost,401.00,2013-09-30
3371,11096,Closed Lost,232.00,2013-09-27
3372,6374,Closed Lost,297.00,2013-07-06
3373,5552,Closed Lost,293.00,2013-07-02
3374,2245,Closed Lost,139.00,2013-06-11
3375,6200,Closed Lost,901.00,2013-05-28
3376,9904,Closed Lost,1043.00,2013-05-18
3377,10031,Closed Lost,53.00,2013-04-01
3378,6642,Closed Lost,102.00,2013-03-14
3379,10882,Closed Lost,915.00,2012-12-29
3380,5636,Closed Won,167.00,2012-12-29
3381,8692,Closed Lost,240.00,2012-11-01
3382,8091,Closed Lost,1106.00,2012-10-22
3383,8080,Closed Lost,22.00,2012-10-06
3384,8370,Closed Lost,1159.00,2012-09-21
3385,4550,Closed Lost,71.00,2014-08-14
3386,3381,Closed Lost,90.00,2014-07-29
3387,10556,Closed Lost,358.00,2014-07-14
3388,9467,Closed Lost,20.00,2014-07-01
3389,2891,Closed Lost,928.00,2013-12-08
3390,5011,Closed Lost,928.00,2013-12-08
3391,8140,Closed Lost,95.00,2013-11-23
3392,11039,Closed Lost,311.00,2013-11-07
3393,78,Closed Lost,37.00,2013-11-05
3394,5517,Closed Lost,37.00,2013-11-05
3395,5290,Closed Lost,279.00,2013-10-04
3396,4128,Closed Lost,725.00,2013-09-09
3397,8534,Closed Lost,992.00,2013-09-05
3398,9592,Closed Lost,33.00,2013-08-20
3399,8957,Closed Lost,1120.00,2013-07-31
3400,9308,Closed Lost,976.00,2013-07-01
3401,544,Closed Lost,976.00,2013-07-01
3402,5989,Closed Lost,1576.00,2013-06-06
3403,635,Closed Lost,610.00,2013-05-09
3404,6673,Closed Lost,129.00,2013-05-09
3405,1710,Closed Lost,279.00,2013-04-27
3406,523,Closed Lost,74.00,2013-03-23
3407,8977,Closed Lost,24.00,2013-03-04
3408,9736,Closed Lost,96.00,2013-02-13
3409,1544,Closed Lost,1893.00,2013-02-11
3410,6575,Closed Lost,612.00,2012-12-17
3411,6147,Closed Lost,28.00,2012-12-08
3412,6354,Closed Won,47.00,2012-10-21
3413,4769,Closed Lost,493.00,2014-08-09
3414,7540,Closed Lost,270.00,2014-07-16
3415,5247,Closed Lost,45.00,2014-07-01
3416,5987,Closed Lost,43.00,2014-06-25
3417,9960,Closed Lost,14.00,2014-06-21
3418,10972,Closed Lost,939.00,2014-05-01
3419,1399,Closed Lost,1515.00,2014-03-14
3420,2698,Closed Lost,415.00,2013-12-29
3421,6340,Closed Lost,26.00,2013-12-18
3422,4107,Closed Lost,425.00,2013-11-29
3423,10906,Closed Lost,425.00,2013-11-29
3424,2557,Closed Lost,29.00,2013-10-20
3425,8786,Closed Lost,450.00,2013-07-17
3426,7187,Closed Lost,721.00,2013-07-09
3427,6119,Closed Lost,17.00,2013-07-01
3428,2980,Closed Lost,35.00,2013-05-13
3429,3850,Closed Lost,43.00,2013-01-28
3430,1077,Closed Lost,1020.00,2013-01-26
3431,9733,Closed Lost,80.00,2012-10-31
3432,8462,Closed Lost,80.00,2012-10-31
3433,4764,Closed Won,169.00,2012-10-10
3434,2223,Closed Lost,1826.00,2012-09-24
3435,7788,Closed Lost,10.00,2014-07-27
3436,5827,Closed Lost,62.00,2014-06-08
3437,2958,Closed Lost,57.00,2014-04-18
3438,4954,Closed Lost,265.00,2014-03-15
3439,3139,Closed Lost,2052.00,2014-02-21
3440,9952,Closed Lost,1105.00,2014-02-02
3441,8180,Closed Lost,310.00,2014-01-07
3442,3276,Closed Lost,78.00,2013-12-17
3443,4994,Closed Lost,1735.00,2013-11-23
3444,3598,Closed Lost,606.00,2013-07-15
3445,945,Closed Lost,133.00,2013-07-14
3446,5048,Closed Lost,131.00,2013-07-03
3447,6214,Closed Lost,79.00,2013-05-28
3448,6230,Closed Lost,189.00,2013-04-09
3449,2968,Closed Won,902.00,2013-03-26
3450,8800,Closed Won,902.00,2013-03-26
3451,1907,Closed Won,1477.00,2012-11-20
3452,10478,Closed Won,633.00,2012-11-19
3453,4188,Closed Won,354.00,2012-10-05
3454,8720,Closed Lost,1679.00,2012-10-04
3455,2225,Closed Won,1617.00,2014-07-31
3456,4790,Closed Lost,868.00,2014-07-26
3457,1131,Closed Lost,95.00,2014-05-29
3458,202,Closed Lost,1234.00,2014-05-29
3459,9589,Closed Lost,1234.00,2014-05-29
3460,3900,Closed Lost,769.00,2014-05-22
3461,9958,Closed Lost,769.00,2014-05-22
3462,8955,Closed Lost,49.00,2014-04-11
3463,10033,Closed Lost,38.00,2014-04-08
3464,5751,Closed Lost,38.00,2014-04-08
3465,3308,Closed Lost,94.00,2014-02-26
3466,7297,Closed Lost,57.00,2014-02-18
3467,8008,Closed Lost,119.00,2014-02-01
3468,1232,Closed Lost,1244.00,2013-12-18
3469,2345,Closed Lost,1244.00,2013-12-18
3470,1628,Closed Lost,960.00,2013-12-17
3471,5081,Closed Lost,47.00,2013-12-13
3472,839,Closed Lost,170.00,2013-11-18
3473,3706,Closed Won,94.00,2013-10-14
3474,5154,Closed Lost,54.00,2013-10-04
3475,8584,Closed Lost,1165.00,2013-08-01
3476,6583,Closed Lost,981.00,2013-07-27
3477,3433,Closed Lost,981.00,2013-07-27
3478,10486,Closed Lost,990.00,2013-07-22
3479,8687,Closed Lost,486.00,2013-06-29
3480,7842,Closed Lost,74.00,2013-05-24
3481,3749,Closed Lost,1580.00,2013-04-25
3482,1331,Closed Lost,72.00,2013-02-25
3483,5995,Closed Won,384.00,2013-02-10
3484,8985,Closed Lost,1211.00,2012-12-28
3485,2798,Closed Won,1240.00,2012-12-26
3486,7108,Closed Lost,353.00,2012-11-01
3487,2781,Closed Won,1792.00,2014-08-17
3488,3623,Closed Lost,45.00,2014-08-05
3489,194,Closed Lost,41.00,2014-08-03
3490,10833,Closed Lost,973.00,2014-07-18
3491,2315,Closed Lost,96.00,2014-06-14
3492,6336,Closed Lost,48.00,2014-05-31
3493,10738,Closed Lost,65.00,2013-10-23
3494,8286,Closed Lost,122.00,2013-10-14
3495,2166,Closed Lost,23.00,2013-09-05
3496,10691,Closed Lost,43.00,2013-08-08
3497,9739,Closed Lost,114.00,2013-03-15
3498,1829,Closed Won,1232.00,2013-03-15
3499,6260,Closed Won,1957.00,2013-01-13
3500,10448,Closed Lost,377.00,2012-12-16
3501,1343,Closed Lost,586.00,2012-11-20
3502,4749,Closed Lost,586.00,2012-11-20
3503,531,Closed Won,1662.00,2012-11-16
3504,6905,Closed Lost,1004.00,2012-10-16
3505,1045,Closed Lost,279.00,2012-10-10
3506,4012,Closed Won,1226.00,2012-10-05
3507,5529,Closed Lost,444.00,2014-08-05
3508,4001,Closed Lost,444.00,2014-08-05
3509,10420,Closed Lost,222.00,2014-06-30
3510,7723,Closed Lost,1440.00,2014-06-27
3511,2963,Closed Lost,1440.00,2014-06-27
3512,10634,Closed Lost,406.00,2014-06-14
3513,5180,Closed Lost,149.00,2014-06-13
3514,6866,Closed Lost,34.00,2014-05-18
3515,1328,Closed Lost,683.00,2014-04-13
3516,1139,Closed Won,1512.00,2014-04-03
3517,4961,Closed Lost,61.00,2014-03-18
3518,5177,Closed Lost,396.00,2014-02-06
3519,2075,Closed Lost,1047.00,2014-01-09
3520,3428,Closed Lost,1598.00,2013-12-01
3521,4500,Closed Lost,1598.00,2013-12-01
3522,7369,Closed Lost,62.00,2013-11-27
3523,4381,Closed Lost,235.00,2013-10-13
3524,9964,Closed Lost,424.00,2013-10-02
3525,1630,Closed Lost,424.00,2013-10-02
3526,5012,Closed Lost,34.00,2013-08-29
3527,6918,Closed Lost,34.00,2013-08-29
3528,7822,Closed Lost,662.00,2013-07-30
3529,10156,Closed Lost,1237.00,2013-07-29
3530,3033,Closed Lost,318.00,2013-07-06
3531,4119,Closed Lost,318.00,2013-07-06
3532,11110,Closed Lost,5.00,2013-06-08
3533,332,Closed Lost,275.00,2013-05-17
3534,737,Closed Lost,2231.00,2013-04-28
3535,10319,Closed Lost,1286.00,2013-04-23
3536,2683,Closed Lost,910.00,2013-03-30
3537,3445,Closed Won,957.00,2013-03-14
3538,10913,Closed Won,27.00,2013-01-30
3539,4427,Closed Won,1365.00,2012-11-13
3540,8717,Closed Lost,1835.00,2012-11-07
3541,2066,Closed Lost,114.00,2012-10-25
3542,3340,Closed Won,436.00,2012-10-12
3543,8685,Closed Won,436.00,2012-10-12
3544,4149,Closed Lost,1348.00,2014-07-09
3545,8726,Closed Lost,174.00,2014-06-25
3546,2295,Closed Lost,825.00,2014-03-31
3547,3283,Closed Lost,909.00,2014-03-17
3548,1915,Closed Lost,1507.00,2014-02-07
3549,800,Closed Lost,32.00,2013-10-26
3550,9166,Closed Lost,882.00,2013-10-05
3551,5147,Closed Lost,1424.00,2013-09-24
3552,13,Closed Lost,32.00,2013-09-17
3553,8557,Closed Lost,46.00,2013-08-13
3554,8724,Closed Lost,46.00,2013-08-13
3555,9381,Closed Lost,606.00,2013-08-08
3556,9384,Closed Lost,606.00,2013-08-08
3557,3560,Closed Lost,1574.00,2013-07-08
3558,241,Closed Lost,1574.00,2013-07-08
3559,7521,Closed Lost,1574.00,2013-07-08
3560,9799,Closed Lost,1173.00,2013-07-04
3561,5123,Closed Lost,143.00,2013-06-11
3562,448,Closed Lost,795.00,2013-04-27
3563,4837,Closed Lost,1305.00,2013-04-14
3564,9365,Closed Lost,1277.00,2013-02-17
3565,8932,Closed Lost,1531.00,2012-12-25
3566,7055,Closed Lost,1021.00,2012-12-05
3567,3537,Closed Lost,79.00,2012-10-13
3568,9081,Closed Lost,25.00,2014-07-15
3569,4988,Closed Lost,62.00,2014-07-01
3570,1050,Closed Lost,65.00,2014-06-27
3571,5610,Closed Lost,36.00,2014-06-18
3572,3526,Closed Lost,38.00,2014-03-26
3573,5136,Closed Lost,798.00,2014-03-16
3574,1411,Closed Lost,940.00,2014-01-07
3575,701,Closed Lost,1179.00,2014-01-03
3576,6203,Closed Lost,1734.00,2013-10-21
3577,7192,Closed Lost,545.00,2013-06-12
3578,5181,Closed Lost,24.00,2013-05-17
3579,9220,Closed Won,1968.00,2013-03-16
3580,7734,Closed Won,1216.00,2013-02-15
3581,10446,Closed Won,729.00,2013-01-04
3582,5524,Closed Won,1617.00,2012-11-01
3583,3830,Closed Lost,459.00,2014-06-22
3584,5186,Closed Lost,731.00,2014-05-10
3585,8514,Closed Lost,20.00,2014-03-17
3586,7165,Closed Lost,823.00,2013-12-20
3587,10236,Closed Lost,64.00,2013-11-14
3588,2392,Closed Lost,102.00,2013-09-26
3589,1920,Closed Lost,102.00,2013-09-26
3590,3673,Closed Lost,779.00,2013-09-11
3591,1453,Closed Lost,1060.00,2013-09-03
3592,4518,Closed Lost,1169.00,2013-06-18
3593,8969,Closed Lost,1141.00,2013-03-16
3594,387,Closed Lost,61.00,2013-01-11
3595,1079,Closed Lost,1086.00,2012-12-14
3596,164,Closed Lost,269.00,2012-12-11
3597,3434,Closed Lost,1336.00,2014-07-11
3598,5721,Closed Lost,1566.00,2014-07-10
3599,8418,Closed Lost,61.00,2014-05-29
3600,5300,Closed Lost,70.00,2014-02-28
3601,10424,Closed Lost,1295.00,2014-02-07
3602,11171,Closed Lost,411.00,2013-12-10
3603,1600,Closed Lost,411.00,2013-12-10
3604,7851,Closed Lost,926.00,2013-11-21
3605,10701,Closed Lost,1211.00,2013-11-10
3606,891,Closed Lost,11.00,2013-11-06
3607,6912,Closed Lost,772.00,2013-10-19
3608,5967,Closed Lost,70.00,2013-09-16
3609,2109,Closed Won,1544.00,2013-06-22
3610,6292,Closed Won,1822.00,2013-05-29
3611,8537,Closed Won,1429.00,2013-04-28
3612,9576,Closed Lost,159.00,2013-04-12
3613,5935,Closed Lost,764.00,2013-02-22
3614,10264,Closed Won,31.00,2012-12-09
3615,234,Closed Won,31.00,2012-12-09
3616,3202,Closed Lost,1250.00,2012-11-30
3617,1103,Closed Won,2053.00,2012-11-28
3618,610,Closed Lost,480.00,2012-10-06
3619,4480,Closed Lost,401.00,2014-05-09
3620,10660,Closed Lost,438.00,2014-03-14
3621,9353,Closed Lost,995.00,2014-03-08
3622,4120,Closed Lost,369.00,2014-02-16
3623,2836,Closed Lost,19.00,2013-11-16
3624,9579,Closed Lost,106.00,2013-09-06
3625,5841,Closed Lost,832.00,2013-08-28
3626,3174,Closed Won,1957.00,2013-07-22
3627,5536,Closed Won,1957.00,2013-07-22
3628,2061,Closed Lost,99.00,2013-07-11
3629,8477,Closed Lost,28.00,2013-05-11
3630,640,Closed Lost,1026.00,2013-05-11
3631,3828,Closed Lost,1327.00,2013-04-19
3632,4093,Closed Lost,436.00,2013-04-13
3633,8624,Closed Lost,928.00,2013-04-08
3634,2802,Closed Lost,961.00,2013-02-14
3635,368,Closed Lost,290.00,2013-01-29
3636,3599,Closed Lost,1464.00,2013-01-26
3637,3389,Closed Lost,1533.00,2013-01-22
3638,10710,Closed Lost,18.00,2012-10-29
3639,7118,Closed Won,1528.00,2012-10-01
3640,4937,Closed Lost,44.00,2014-08-11
3641,1127,Closed Lost,1958.00,2014-07-30
3642,833,Closed Lost,72.00,2014-05-31
3643,3565,Closed Lost,72.00,2014-05-31
3644,6086,Closed Lost,1380.00,2014-01-24
3645,1763,Closed Won,2524.00,2013-09-27
3646,4697,Closed Lost,390.00,2013-08-14
3647,182,Closed Lost,397.00,2013-07-12
3648,1165,Closed Lost,496.00,2013-07-03
3649,5386,Closed Won,2302.00,2013-05-05
3650,6024,Closed Won,2302.00,2013-05-05
3651,2678,Closed Lost,209.00,2013-04-16
3652,5790,Closed Lost,72.00,2013-03-30
3653,236,Closed Lost,170.00,2013-03-22
3654,6001,Closed Lost,937.00,2013-03-05
3655,6250,Closed Won,775.00,2013-01-20
3656,1168,Closed Lost,1401.00,2012-12-30
3657,10749,Closed Lost,178.00,2012-11-19
3658,2926,Closed Lost,1374.00,2012-10-24
3659,716,Closed Lost,976.00,2014-07-24
3660,6544,Closed Lost,976.00,2014-07-24
3661,4298,Closed Lost,10.00,2014-05-26
3662,5823,Closed Lost,39.00,2014-05-10
3663,8375,Closed Lost,518.00,2014-05-05
3664,5723,Closed Lost,116.00,2014-03-15
3665,5763,Closed Lost,380.00,2014-01-12
3666,8727,Closed Lost,1150.00,2013-12-16
3667,3056,Closed Lost,1150.00,2013-12-16
3668,8442,Closed Lost,30.00,2013-11-06
3669,3712,Closed Lost,259.00,2013-10-30
3670,10722,Closed Lost,546.00,2013-10-23
3671,2406,Closed Lost,519.00,2013-10-07
3672,7313,Closed Lost,1565.00,2013-08-05
3673,2656,Closed Lost,59.00,2013-04-25
3674,1993,Closed Lost,972.00,2013-02-24
3675,4136,Closed Lost,119.00,2013-02-04
3676,2928,Closed Lost,990.00,2013-02-02
3677,2920,Closed Lost,990.00,2013-02-02
3678,6661,Closed Lost,1174.00,2012-10-14
3679,5462,Closed Lost,1174.00,2012-10-14
3680,10897,Closed Lost,1174.00,2012-10-14
3681,10542,Closed Lost,77.00,2012-10-07
3682,5756,Closed Lost,55.00,2014-06-06
3683,3570,Closed Lost,244.00,2013-12-24
3684,1072,Closed Lost,93.00,2013-11-02
3685,9606,Closed Won,1536.00,2013-10-30
3686,2730,Closed Lost,1231.00,2013-10-23
3687,2995,Closed Lost,1084.00,2013-10-20
3688,8210,Closed Lost,405.00,2013-10-18
3689,773,Closed Lost,595.00,2013-09-02
3690,5272,Closed Lost,562.00,2013-08-30
3691,5125,Closed Lost,1348.00,2013-07-20
3692,4391,Closed Lost,908.00,2013-06-24
3693,6283,Closed Lost,908.00,2013-06-24
3694,3421,Closed Lost,908.00,2013-06-24
3695,5731,Closed Lost,37.00,2013-06-08
3696,7152,Closed Lost,37.00,2013-06-08
3697,3919,Closed Won,1931.00,2013-05-14
3698,6097,Closed Lost,561.00,2013-03-21
3699,5150,Closed Lost,47.00,2013-02-19
3700,10479,Closed Lost,1511.00,2013-02-09
3701,5966,Closed Lost,215.00,2013-01-13
3702,3439,Closed Lost,296.00,2013-01-03
3703,6609,Closed Won,107.00,2012-11-21
3704,5393,Closed Lost,42.00,2012-10-10
3705,9014,Closed Lost,61.00,2014-08-30
3706,4050,Closed Lost,127.00,2014-08-25
3707,6862,Closed Lost,8.00,2014-07-22
3708,8315,Closed Lost,23.00,2014-05-30
3709,5184,Closed Lost,23.00,2014-05-30
3710,3643,Closed Lost,928.00,2014-05-24
3711,2589,Closed Lost,59.00,2014-04-13
3712,4887,Closed Lost,63.00,2014-01-26
3713,10104,Closed Lost,8.00,2014-01-07
3714,3254,Closed Lost,960.00,2013-12-18
3715,2004,Closed Lost,1168.00,2013-11-22
3716,6142,Closed Lost,900.00,2013-10-24
3717,8553,Closed Lost,42.00,2013-08-27
3718,9805,Closed Lost,660.00,2013-08-24
3719,849,Closed Lost,660.00,2013-08-24
3720,1606,Closed Lost,22.00,2013-07-19
3721,125,Closed Lost,271.00,2013-07-19
3722,9305,Closed Lost,1315.00,2013-07-16
3723,4706,Closed Lost,40.00,2013-07-01
3724,4437,Closed Lost,260.00,2013-06-28
3725,3081,Closed Lost,20.00,2013-06-26
3726,3536,Closed Lost,55.00,2013-05-28
3727,8686,Closed Lost,75.00,2013-03-14
3728,9707,Closed Lost,1182.00,2013-01-27
3729,10872,Closed Lost,1182.00,2013-01-27
3730,9058,Closed Won,1867.00,2012-11-27
3731,4640,Closed Lost,1079.00,2012-11-25
3732,2525,Closed Won,534.00,2012-11-18
3733,9503,Closed Lost,313.00,2012-11-02
3734,10704,Closed Lost,693.00,2012-10-25
3735,2669,Closed Lost,1127.00,2014-07-09
3736,10037,Closed Lost,1127.00,2014-07-09
3737,5680,Closed Lost,30.00,2014-06-27
3738,3726,Closed Lost,17.00,2014-04-23
3739,4548,Closed Lost,54.00,2014-01-28
3740,4599,Closed Lost,458.00,2014-01-09
3741,879,Closed Lost,458.00,2014-01-09
3742,7409,Closed Lost,267.00,2013-12-31
3743,1964,Closed Lost,1603.00,2013-11-10
3744,0,Closed Lost,1198.00,2013-07-09
3745,4860,Closed Lost,25.00,2013-05-13
3746,425,Closed Lost,727.00,2013-04-26
3747,9500,Closed Lost,758.00,2013-04-01
3748,3074,Closed Won,1828.00,2012-12-20
3749,5140,Closed Lost,1445.00,2012-10-29
3750,2611,Closed Lost,1910.00,2012-10-06
3751,916,Closed Lost,31.00,2014-07-15
3752,10413,Closed Lost,1089.00,2014-07-01
3753,3696,Closed Lost,52.00,2014-04-04
3754,304,Closed Lost,76.00,2014-02-28
3755,5113,Closed Won,1702.00,2014-01-13
3756,2863,Closed Lost,1052.00,2013-10-29
3757,4597,Closed Lost,2018.00,2013-09-07
3758,675,Closed Lost,332.00,2013-07-23
3759,4483,Closed Lost,1228.00,2013-06-23
3760,1502,Closed Lost,52.00,2013-05-27
3761,736,Closed Lost,52.00,2013-05-27
3762,4487,Closed Won,95.00,2013-04-01
3763,3412,Closed Lost,957.00,2013-03-23
3764,1744,Closed Lost,54.00,2013-03-15
3765,5837,Closed Lost,494.00,2013-03-05
3766,3422,Closed Lost,1376.00,2013-02-04
3767,7462,Closed Lost,570.00,2013-01-30
3768,10702,Closed Lost,450.00,2013-01-09
3769,2115,Closed Lost,66.00,2014-08-27
3770,4138,Closed Lost,899.00,2014-07-31
3771,11091,Closed Lost,22.00,2014-07-23
3772,7712,Closed Lost,634.00,2014-07-05
3773,3535,Closed Lost,967.00,2014-05-24
3774,5899,Closed Lost,49.00,2014-05-20
3775,8749,Closed Lost,61.00,2014-04-10
3776,10955,Closed Won,1600.00,2014-03-16
3777,9491,Closed Lost,66.00,2014-03-05
3778,5286,Closed Lost,217.00,2014-01-04
3779,3409,Closed Lost,339.00,2013-12-22
3780,2544,Closed Lost,92.00,2013-12-19
3781,2118,Closed Lost,622.00,2013-11-17
3782,9370,Closed Lost,1120.00,2013-07-24
3783,4864,Closed Lost,175.00,2013-07-09
3784,405,Closed Lost,441.00,2013-04-22
3785,10513,Closed Lost,1502.00,2013-03-29
3786,5138,Closed Lost,43.00,2013-03-23
3787,8387,Closed Lost,235.00,2013-03-14
3788,378,Closed Lost,794.00,2013-03-08
3789,5846,Closed Lost,13.00,2013-02-25
3790,8870,Closed Won,497.00,2013-01-20
3791,10340,Closed Lost,497.00,2013-01-20
3792,7290,Closed Lost,968.00,2012-12-12
3793,8895,Closed Lost,968.00,2012-12-12
3794,3635,Closed Lost,578.00,2014-07-15
3795,11178,Closed Lost,32.00,2014-05-31
3796,2410,Closed Lost,1097.00,2014-04-01
3797,3281,Closed Lost,411.00,2014-01-11
3798,9905,Closed Lost,255.00,2013-09-20
3799,2437,Closed Lost,1611.00,2013-08-11
3800,2565,Closed Lost,1334.00,2013-08-09
3801,7912,Closed Lost,103.00,2013-06-30
3802,7072,Closed Lost,1335.00,2013-06-06
3803,1409,Closed Lost,444.00,2013-05-26
3804,5314,Closed Lost,444.00,2013-05-26
3805,7215,Closed Won,1135.00,2013-05-20
3806,8858,Closed Lost,542.00,2013-05-15
3807,895,Closed Lost,594.00,2013-02-16
3808,10313,Closed Lost,254.00,2013-01-05
3809,642,Closed Lost,103.00,2012-10-22
3810,8504,Closed Lost,1366.00,2014-07-21
3811,1020,Closed Lost,1366.00,2014-07-21
3812,3717,Closed Lost,704.00,2014-07-02
3813,7646,Closed Lost,805.00,2014-04-29
3814,5796,Closed Lost,1125.00,2014-02-04
3815,8625,Closed Lost,45.00,2014-01-21
3816,5407,Closed Lost,1085.00,2013-11-21
3817,4356,Closed Lost,1574.00,2013-11-06
3818,2886,Closed Lost,1217.00,2013-10-21
3819,10057,Closed Won,1331.00,2013-09-27
3820,10741,Closed Lost,319.00,2013-06-20
3821,5491,Closed Lost,319.00,2013-06-20
3822,4442,Closed Lost,177.00,2013-06-14
3823,3972,Closed Lost,401.00,2013-06-12
3824,2431,Closed Lost,67.00,2013-03-11
3825,7899,Closed Lost,1680.00,2013-01-07
3826,9703,Closed Won,184.00,2012-12-24
3827,6927,Closed Lost,264.00,2012-12-14
3828,7005,Closed Lost,813.00,2014-08-26
3829,246,Closed Lost,312.00,2014-08-10
3830,4796,Closed Lost,39.00,2014-06-29
3831,4725,Closed Lost,67.00,2014-06-23
3832,3286,Closed Lost,42.00,2014-05-11
3833,10680,Closed Lost,70.00,2014-04-17
3834,4297,Closed Lost,40.00,2014-04-07
3835,7327,Closed Lost,47.00,2014-03-10
3836,1553,Closed Lost,2283.00,2013-12-07
3837,1665,Closed Won,1750.00,2013-12-03
3838,10640,Closed Lost,211.00,2013-11-15
3839,7620,Closed Lost,106.00,2013-10-15
3840,7761,Closed Lost,109.00,2013-10-11
3841,5062,Closed Lost,39.00,2013-10-06
3842,6349,Closed Lost,1319.00,2013-09-15
3843,3386,Closed Lost,137.00,2013-08-31
3844,8175,Closed Lost,137.00,2013-08-31
3845,6245,Closed Lost,507.00,2013-08-23
3846,8780,Closed Lost,507.00,2013-08-23
3847,2276,Closed Lost,868.00,2013-07-12
3848,1172,Closed Won,2034.00,2013-07-11
3849,3225,Closed Won,265.00,2013-06-11
3850,8629,Closed Lost,41.00,2013-06-05
3851,798,Closed Lost,27.00,2013-03-05
3852,269,Closed Lost,1143.00,2013-01-26
3853,8213,Closed Won,96.00,2013-01-19
3854,10245,Closed Lost,756.00,2013-01-10
3855,2447,Closed Lost,69.00,2012-12-27
3856,9817,Closed Lost,1049.00,2012-10-31
3857,1371,Closed Lost,984.00,2014-09-08
3858,8093,Closed Lost,914.00,2014-09-08
3859,713,Closed Lost,442.00,2014-08-19
3860,11051,Closed Lost,661.00,2014-07-21
3861,5545,Closed Lost,988.00,2014-06-16
3862,5283,Closed Lost,144.00,2014-04-30
3863,5010,Closed Lost,34.00,2014-04-15
3864,7495,Closed Lost,156.00,2014-03-02
3865,4368,Closed Lost,134.00,2014-02-13
3866,6303,Closed Lost,1497.00,2014-02-03
3867,1030,Closed Lost,38.00,2013-09-27
3868,10364,Closed Lost,20.00,2013-09-23
3869,6945,Closed Lost,1375.00,2013-08-15
3870,8562,Closed Lost,236.00,2013-08-08
3871,2918,Closed Lost,91.00,2013-06-24
3872,9167,Closed Lost,976.00,2013-06-06
3873,4743,Closed Lost,971.00,2013-05-14
3874,10742,Closed Lost,746.00,2013-05-10
3875,10965,Closed Lost,1722.00,2013-05-05
3876,7129,Closed Lost,929.00,2013-04-30
3877,3732,Closed Lost,860.00,2013-04-17
3878,7124,Closed Lost,94.00,2013-04-14
3879,10686,Closed Lost,21.00,2013-03-08
3880,7247,Closed Lost,606.00,2013-02-02
3881,1513,Closed Lost,1250.00,2012-11-08
3882,460,Closed Lost,1753.00,2012-10-19
3883,6653,Closed Won,418.00,2012-10-10
3884,9400,Closed Lost,1383.00,2014-09-02
3885,7106,Closed Lost,1242.00,2014-06-12
3886,4252,Closed Lost,301.00,2014-06-04
3887,9240,Closed Lost,526.00,2014-04-21
3888,10770,Closed Lost,1045.00,2014-04-09
3889,176,Closed Lost,331.00,2014-03-16
3890,6870,Closed Lost,283.00,2013-11-29
3891,143,Closed Lost,957.00,2013-11-06
3892,6445,Closed Lost,858.00,2013-09-25
3893,4278,Closed Won,1923.00,2013-08-15
3894,6906,Closed Won,1024.00,2013-08-15
3895,4637,Closed Lost,1650.00,2013-07-30
3896,8690,Closed Lost,1385.00,2013-07-01
3897,1173,Closed Won,2252.00,2013-05-22
3898,1928,Closed Lost,83.00,2013-04-23
3899,9029,Closed Lost,1536.00,2013-04-09
3900,10299,Closed Won,882.00,2013-01-21
3901,9246,Closed Lost,415.00,2012-12-26
3902,4943,Closed Lost,1727.00,2012-12-12
3903,4122,Closed Won,895.00,2012-11-10
3904,2853,Closed Lost,275.00,2014-05-24
3905,902,Closed Lost,312.00,2014-05-17
3906,1672,Closed Lost,461.00,2014-05-14
3907,7254,Closed Lost,137.00,2014-03-11
3908,8775,Closed Lost,137.00,2014-03-11
3909,9543,Closed Lost,22.00,2014-01-27
3910,7093,Closed Lost,22.00,2014-01-27
3911,2894,Closed Won,2013.00,2014-01-11
3912,5956,Closed Lost,284.00,2013-12-29
3913,1921,Closed Lost,71.00,2013-12-16
3914,5057,Closed Lost,611.00,2013-11-27
3915,10260,Closed Lost,311.00,2013-11-08
3916,2262,Closed Lost,311.00,2013-11-08
3917,7930,Closed Lost,268.00,2013-11-01
3918,1461,Closed Lost,38.00,2013-10-10
3919,7514,Closed Lost,177.00,2013-09-15
3920,6461,Closed Lost,946.00,2013-08-01
3921,257,Closed Lost,1215.00,2013-07-11
3922,9460,Closed Lost,162.00,2013-07-01
3923,3855,Closed Lost,162.00,2013-07-01
3924,367,Closed Lost,577.00,2013-05-04
3925,9265,Closed Lost,1390.00,2013-03-24
3926,1990,Closed Lost,1797.00,2013-01-18
3927,3594,Closed Lost,747.00,2013-01-18
3928,9292,Closed Lost,1382.00,2013-01-08
3929,6218,Closed Lost,499.00,2013-01-02
3930,6528,Closed Lost,10.00,2014-08-19
3931,10164,Closed Lost,1691.00,2014-06-17
3932,9937,Closed Lost,576.00,2014-03-18
3933,274,Closed Lost,34.00,2014-03-08
3934,5250,Closed Won,1564.00,2014-01-13
3935,11010,Closed Lost,44.00,2013-11-13
3936,6969,Closed Lost,233.00,2013-10-21
3937,10735,Closed Lost,26.00,2013-10-14
3938,5068,Closed Lost,26.00,2013-10-14
3939,9974,Closed Lost,70.00,2013-09-25
3940,7053,Closed Lost,1453.00,2013-09-12
3941,3179,Closed Lost,1572.00,2013-08-30
3942,8082,Closed Won,34.00,2013-08-04
3943,1362,Closed Lost,449.00,2013-05-18
3944,6768,Closed Lost,36.00,2013-03-28
3945,2375,Closed Lost,22.00,2012-12-09
3946,6856,Closed Won,65.00,2012-11-17
3947,4066,Closed Lost,46.00,2014-07-26
3948,4333,Closed Lost,54.00,2014-06-07
3949,2948,Closed Lost,185.00,2014-05-16
3950,4927,Closed Lost,68.00,2014-04-01
3951,7426,Closed Lost,198.00,2014-01-22
3952,8360,Closed Lost,198.00,2014-01-22
3953,4058,Closed Lost,811.00,2013-12-27
3954,10755,Closed Lost,81.00,2013-11-17
3955,8414,Closed Lost,86.00,2013-11-01
3956,6810,Closed Won,1187.00,2013-08-12
3957,3839,Closed Lost,88.00,2013-07-18
3958,3483,Closed Won,1526.00,2013-06-21
3959,238,Closed Lost,1082.00,2013-04-09
3960,591,Closed Lost,677.00,2013-04-06
3961,5063,Closed Lost,191.00,2013-03-04
3962,4303,Closed Lost,137.00,2013-02-22
3963,2258,Closed Lost,42.00,2013-02-18
3964,7301,Closed Won,79.00,2013-02-01
3965,11121,Closed Lost,70.00,2013-01-25
3966,5287,Closed Lost,79.00,2014-09-04
3967,6457,Closed Lost,902.00,2014-08-14
3968,3559,Closed Lost,57.00,2014-07-26
3969,5577,Closed Lost,23.00,2014-07-19
3970,641,Closed Lost,119.00,2014-06-20
3971,954,Closed Lost,102.00,2014-06-12
3972,1834,Closed Lost,67.00,2014-05-24
3973,8789,Closed Lost,274.00,2014-03-29
3974,10584,Closed Lost,945.00,2014-02-17
3975,2337,Closed Lost,39.00,2014-01-09
3976,6071,Closed Lost,1157.00,2013-10-04
3977,295,Closed Lost,1157.00,2013-10-04
3978,10203,Closed Lost,42.00,2013-09-15
3979,3968,Closed Won,1199.00,2013-09-13
3980,4037,Closed Lost,20.00,2013-08-30
3981,6932,Closed Lost,2119.00,2013-06-29
3982,10159,Closed Lost,1185.00,2013-06-16
3983,1177,Closed Lost,129.00,2013-04-13
3984,9426,Closed Lost,900.00,2013-03-30
3985,10637,Closed Lost,99.00,2013-03-19
3986,10826,Closed Lost,60.00,2013-03-15
3987,4086,Closed Lost,60.00,2013-03-15
3988,10304,Closed Lost,60.00,2013-03-15
3989,7998,Closed Lost,112.00,2013-02-26
3990,10992,Closed Lost,1148.00,2012-11-14
3991,6383,Closed Lost,46.00,2014-08-11
3992,10536,Closed Lost,46.00,2014-08-11
3993,6036,Closed Lost,1924.00,2014-06-03
3994,11092,Closed Lost,41.00,2014-05-19
3995,538,Closed Lost,125.00,2014-04-29
3996,10022,Closed Lost,16.00,2014-04-28
3997,10157,Closed Lost,274.00,2014-04-13
3998,3503,Closed Lost,974.00,2014-02-18
3999,146,Closed Lost,1323.00,2014-02-01
4000,5538,Closed Won,1862.00,2013-12-25
4001,3910,Closed Won,1862.00,2013-12-25
4002,4227,Closed Lost,55.00,2013-11-23
4003,6634,Closed Lost,54.00,2013-10-24
4004,8916,Closed Lost,16.00,2013-10-09
4005,6460,Closed Lost,57.00,2013-09-29
4006,5883,Closed Lost,664.00,2013-08-12
4007,10091,Closed Lost,1067.00,2013-08-06
4008,697,Closed Lost,2047.00,2013-05-29
4009,2607,Closed Lost,630.00,2013-03-30
4010,8427,Closed Lost,1540.00,2013-02-09
4011,217,Closed Lost,1540.00,2013-02-09
4012,6202,Closed Lost,1005.00,2012-12-22
4013,3856,Closed Lost,1005.00,2012-12-22
4014,10648,Closed Lost,1289.00,2012-12-12
4015,5120,Closed Lost,1289.00,2012-12-12
4016,6749,Closed Lost,1722.00,2012-10-25
4017,1584,Closed Lost,482.00,2014-06-19
4018,9559,Closed Lost,1034.00,2014-04-13
4019,771,Closed Lost,194.00,2014-04-10
4020,5237,Closed Lost,63.00,2014-03-21
4021,2461,Closed Lost,43.00,2014-03-07
4022,5474,Closed Lost,223.00,2014-02-17
4023,2895,Closed Lost,195.00,2014-01-10
4024,7972,Closed Lost,1151.00,2013-12-05
4025,10067,Closed Lost,13.00,2013-10-28
4026,500,Closed Won,1941.00,2013-10-24
4027,922,Closed Lost,48.00,2013-07-22
4028,2861,Closed Lost,23.00,2013-07-04
4029,375,Closed Lost,1156.00,2013-05-15
4030,10936,Closed Lost,1947.00,2013-05-03
4031,10314,Closed Won,1318.00,2013-03-05
4032,4240,Closed Lost,58.00,2013-01-21
4033,2674,Closed Won,1143.00,2012-11-22
4034,2563,Closed Lost,43.00,2014-09-03
4035,8312,Closed Lost,43.00,2014-09-03
4036,6999,Closed Lost,834.00,2014-08-01
4037,7574,Closed Lost,41.00,2014-07-29
4038,5223,Closed Lost,66.00,2014-07-12
4039,2952,Closed Lost,76.00,2014-07-05
4040,7683,Closed Lost,787.00,2014-05-16
4041,9481,Closed Lost,68.00,2014-04-18
4042,9907,Closed Lost,1013.00,2014-02-22
4043,5454,Closed Lost,50.00,2014-02-19
4044,3798,Closed Lost,81.00,2014-01-25
4045,7281,Closed Lost,186.00,2014-01-24
4046,4259,Closed Lost,10.00,2013-12-13
4047,2549,Closed Lost,27.00,2013-10-09
4048,6437,Closed Lost,76.00,2013-09-07
4049,2488,Closed Lost,64.00,2013-06-11
4050,3945,Closed Won,930.00,2013-05-29
4051,702,Closed Lost,521.00,2013-05-06
4052,9010,Closed Won,2346.00,2013-05-01
4053,9710,Closed Lost,792.00,2013-04-10
4054,1509,Closed Won,523.00,2013-03-25
4055,9120,Closed Lost,1065.00,2013-02-23
4056,5252,Closed Lost,67.00,2013-01-14
4057,5959,Closed Lost,199.00,2013-01-03
4058,7441,Closed Lost,1615.00,2012-12-25
4059,4271,Closed Lost,341.00,2012-12-23
4060,4095,Closed Lost,467.00,2012-11-30
4061,8852,Closed Lost,1080.00,2012-11-19
4062,7698,Closed Lost,191.00,2014-07-31
4063,4174,Closed Lost,130.00,2014-07-07
4064,3182,Closed Won,263.00,2014-06-20
4065,193,Closed Lost,16.00,2014-05-09
4066,5229,Closed Lost,42.00,2014-05-08
4067,5555,Closed Lost,6.00,2014-04-29
4068,7732,Closed Lost,745.00,2014-03-24
4069,310,Closed Lost,573.00,2014-03-04
4070,6261,Closed Lost,470.00,2014-02-15
4071,6274,Closed Lost,1615.00,2014-02-04
4072,1655,Closed Lost,48.00,2014-01-08
4073,2740,Closed Lost,90.00,2013-12-12
4074,4328,Closed Lost,55.00,2013-11-27
4075,17,Closed Lost,1028.00,2013-11-26
4076,9153,Closed Lost,1048.00,2013-10-18
4077,520,Closed Lost,30.00,2013-09-20
4078,8372,Closed Lost,30.00,2013-09-20
4079,73,Closed Lost,18.00,2013-08-15
4080,2002,Closed Lost,1870.00,2013-08-09
4081,6059,Closed Won,1314.00,2013-05-24
4082,11166,Closed Lost,315.00,2013-04-24
4083,6257,Closed Lost,507.00,2013-04-14
4084,9224,Closed Lost,1139.00,2013-03-03
4085,8732,Closed Won,1461.00,2013-02-06
4086,955,Closed Won,240.00,2013-01-17
4087,4910,Closed Lost,2074.00,2012-11-19
4088,564,Closed Won,906.00,2012-10-24
4089,8931,Closed Lost,1761.00,2014-08-08
4090,1998,Closed Lost,84.00,2014-04-30
4091,1250,Closed Lost,84.00,2014-04-30
4092,8397,Closed Lost,34.00,2014-04-02
4093,9672,Closed Lost,65.00,2014-03-13
4094,2125,Closed Lost,1102.00,2014-02-05
4095,5975,Closed Lost,57.00,2013-12-21
4096,983,Closed Lost,414.00,2013-12-19
4097,9938,Closed Lost,1600.00,2013-12-10
4098,4385,Closed Lost,47.00,2013-08-21
4099,1612,Closed Lost,47.00,2013-08-21
4100,803,Closed Lost,21.00,2013-06-26
4101,10675,Closed Won,1161.00,2013-06-24
4102,7004,Closed Lost,84.00,2013-06-06
4103,4432,Closed Lost,51.00,2013-06-06
4104,5079,Closed Lost,97.00,2013-05-24
4105,4475,Closed Lost,2440.00,2013-05-09
4106,10868,Closed Lost,1272.00,2013-04-29
4107,6742,Closed Lost,11.00,2013-04-05
4108,5692,Closed Lost,32.00,2013-03-14
4109,339,Closed Won,496.00,2013-02-13
4110,10398,Closed Lost,31.00,2012-11-17
4111,8017,Closed Lost,55.00,2014-09-10
4112,3722,Closed Lost,48.00,2014-07-08
4113,7326,Closed Lost,63.00,2014-06-14
4114,2416,Closed Lost,1288.00,2014-05-25
4115,1878,Closed Lost,37.00,2014-05-12
4116,5278,Closed Lost,902.00,2014-04-18
4117,5734,Closed Lost,91.00,2014-02-11
4118,4370,Closed Lost,88.00,2014-02-04
4119,8405,Closed Lost,305.00,2013-12-22
4120,7617,Closed Lost,163.00,2013-11-06
4121,10339,Closed Lost,207.00,2013-09-14
4122,6376,Closed Lost,545.00,2013-09-01
4123,2150,Closed Lost,1482.00,2013-08-02
4124,7386,Closed Lost,43.00,2013-07-14
4125,3006,Closed Lost,43.00,2013-07-14
4126,11088,Closed Lost,1816.00,2013-07-13
4127,5185,Closed Lost,892.00,2013-05-08
4128,3523,Closed Lost,1073.00,2013-04-16
4129,55,Closed Lost,597.00,2013-02-28
4130,3807,Closed Lost,766.00,2013-02-21
4131,2453,Closed Lost,819.00,2012-11-22
4132,7787,Closed Lost,819.00,2012-11-22
4133,2230,Closed Lost,43.00,2014-08-16
4134,8146,Closed Lost,54.00,2014-08-03
4135,988,Closed Lost,1193.00,2014-07-30
4136,4832,Closed Lost,101.00,2014-05-30
4137,3152,Closed Lost,89.00,2014-05-20
4138,11188,Closed Lost,89.00,2014-05-20
4139,361,Closed Lost,20.00,2014-05-13
4140,5939,Closed Lost,122.00,2014-04-11
4141,9349,Closed Lost,1131.00,2014-03-13
4142,819,Closed Lost,1103.00,2014-01-28
4143,10120,Closed Lost,257.00,2014-01-16
4144,4541,Closed Lost,257.00,2014-01-16
4145,2456,Closed Lost,149.00,2014-01-06
4146,2516,Closed Lost,78.00,2013-08-31
4147,11013,Closed Lost,938.00,2013-06-23
4148,9988,Closed Lost,860.00,2013-05-26
4149,1627,Closed Lost,789.00,2013-04-20
4150,1490,Closed Lost,854.00,2013-02-20
4151,6710,Closed Lost,103.00,2013-02-09
4152,7375,Closed Lost,576.00,2013-01-17
4153,10144,Closed Lost,576.00,2013-01-17
4154,3138,Closed Won,1676.00,2013-01-12
4155,1440,Closed Lost,1149.00,2012-11-27
4156,4200,Closed Lost,275.00,2014-09-10
4157,4998,Closed Lost,1033.00,2014-08-16
4158,7321,Closed Lost,1033.00,2014-08-16
4159,8663,Closed Lost,15.00,2014-08-15
4160,1958,Closed Lost,660.00,2014-06-14
4161,6963,Closed Lost,1157.00,2014-05-29
4162,1065,Closed Lost,1918.00,2014-03-24
4163,2712,Closed Lost,715.00,2014-03-20
4164,6049,Closed Lost,1804.00,2014-02-28
4165,6605,Closed Lost,682.00,2014-02-20
4166,11181,Closed Lost,8.00,2013-11-22
4167,5234,Closed Lost,81.00,2013-10-04
4168,5253,Closed Lost,227.00,2013-10-02
4169,11148,Closed Lost,13.00,2013-08-12
4170,6289,Closed Lost,185.00,2013-07-22
4171,9743,Closed Lost,1910.00,2013-04-06
4172,9209,Closed Lost,1564.00,2013-01-07
4173,6417,Closed Lost,1564.00,2013-01-07
4174,7937,Closed Lost,58.00,2014-07-13
4175,6488,Closed Lost,99.00,2014-07-01
4176,3194,Closed Lost,1230.00,2014-06-30
4177,231,Closed Lost,32.00,2014-06-05
4178,9697,Closed Lost,542.00,2014-05-31
4179,4676,Closed Lost,1695.00,2014-05-30
4180,8079,Closed Lost,55.00,2014-05-23
4181,10032,Closed Lost,53.00,2014-04-14
4182,10505,Closed Lost,1001.00,2014-03-22
4183,2005,Closed Lost,75.00,2014-03-07
4184,6940,Closed Lost,223.00,2014-01-15
4185,2304,Closed Lost,770.00,2013-12-11
4186,3170,Closed Lost,1042.00,2013-11-25
4187,10466,Closed Lost,60.00,2013-11-16
4188,7325,Closed Lost,40.00,2013-09-23
4189,455,Closed Lost,209.00,2013-07-13
4190,7592,Closed Lost,209.00,2013-07-13
4191,4547,Closed Lost,25.00,2013-07-12
4192,6825,Closed Lost,16.00,2013-05-31
4193,2961,Closed Lost,382.00,2013-05-23
4194,8700,Closed Lost,66.00,2013-03-18
4195,2278,Closed Lost,133.00,2013-01-28
4196,10703,Closed Lost,120.00,2012-11-12
4197,9,Closed Lost,120.00,2012-11-12
4198,2804,Closed Won,120.00,2012-11-12
4199,4915,Closed Lost,732.00,2012-10-28
4200,3010,Closed Lost,2069.00,2014-07-28
4201,4279,Closed Lost,54.00,2014-06-26
4202,2564,Closed Lost,165.00,2014-04-01
4203,1137,Closed Lost,1379.00,2014-03-26
4204,5084,Closed Lost,1064.00,2014-03-22
4205,7094,Closed Lost,1064.00,2014-03-22
4206,6327,Closed Lost,1146.00,2014-03-16
4207,6131,Closed Lost,431.00,2014-02-26
4208,5798,Closed Lost,985.00,2014-02-18
4209,10379,Closed Lost,574.00,2014-02-03
4210,606,Closed Lost,15.00,2014-01-05
4211,7801,Closed Lost,728.00,2013-12-08
4212,2445,Closed Lost,63.00,2013-10-02
4213,5346,Closed Lost,79.00,2013-09-28
4214,550,Closed Lost,708.00,2013-08-18
4215,4478,Closed Lost,653.00,2013-06-19
4216,2350,Closed Lost,1027.00,2013-06-17
4217,1118,Closed Lost,685.00,2013-05-18
4218,1491,Closed Lost,559.00,2013-05-16
4219,4507,Closed Lost,1250.00,2013-02-22
4220,7023,Closed Lost,263.00,2013-02-21
4221,6977,Closed Lost,1921.00,2013-01-09
4222,4042,Closed Won,180.00,2013-01-08
4223,7274,Closed Lost,2153.00,2012-12-24
4224,2902,Closed Lost,45.00,2012-11-29
4225,3332,Closed Lost,165.00,2012-11-24
4226,7433,Closed Lost,165.00,2012-11-24
4227,9386,Closed Lost,320.00,2014-08-25
4228,5176,Closed Lost,53.00,2014-03-06
4229,10323,Closed Lost,304.00,2014-01-21
4230,4682,Closed Lost,310.00,2014-01-11
4231,3083,Closed Lost,373.00,2013-10-22
4232,8015,Closed Won,1313.00,2013-07-30
4233,1745,Closed Won,1313.00,2013-07-30
4234,3136,Closed Lost,663.00,2013-07-10
4235,6991,Closed Lost,637.00,2013-07-07
4236,8132,Closed Lost,661.00,2013-07-02
4237,503,Closed Lost,53.00,2013-06-08
4238,8148,Closed Lost,859.00,2013-04-06
4239,2736,Closed Lost,849.00,2013-03-31
4240,8162,Closed Lost,26.00,2013-03-30
4241,692,Closed Lost,16.00,2013-03-18
4242,7706,Closed Lost,1048.00,2013-02-03
4243,9298,Closed Lost,1798.00,2014-07-26
4244,2986,Closed Lost,20.00,2014-06-09
4245,10812,Closed Lost,90.00,2014-05-29
4246,2909,Closed Lost,1264.00,2014-05-19
4247,6974,Closed Lost,1497.00,2014-03-30
4248,9140,Closed Lost,91.00,2014-03-24
4249,4554,Closed Lost,448.00,2013-12-29
4250,7791,Closed Lost,25.00,2013-12-13
4251,5455,Closed Lost,122.00,2013-11-19
4252,7960,Closed Lost,1382.00,2013-11-12
4253,3426,Closed Lost,1596.00,2013-10-12
4254,5316,Closed Lost,84.00,2013-10-01
4255,1404,Closed Lost,231.00,2013-08-12
4256,10598,Closed Lost,37.00,2013-07-13
4257,8212,Closed Lost,174.00,2013-06-25
4258,3233,Closed Lost,1117.00,2013-06-20
4259,7892,Closed Lost,75.00,2013-04-01
4260,2975,Closed Lost,1956.00,2013-02-09
4261,5043,Closed Lost,434.00,2013-02-02
4262,3104,Closed Won,2006.00,2012-12-15
4263,10854,Closed Lost,45.00,2014-08-21
4264,7419,Closed Lost,35.00,2014-07-22
4265,5558,Closed Lost,1685.00,2014-06-29
4266,832,Closed Lost,747.00,2014-05-31
4267,4964,Closed Lost,1158.00,2014-04-26
4268,11030,Closed Lost,16.00,2014-04-03
4269,4587,Closed Lost,266.00,2013-10-16
4270,450,Closed Lost,270.00,2013-10-10
4271,11031,Closed Lost,40.00,2013-08-19
4272,4990,Closed Lost,869.00,2013-07-31
4273,221,Closed Lost,242.00,2013-07-26
4274,4351,Closed Lost,55.00,2013-07-26
4275,1357,Closed Lost,1562.00,2013-07-07
4276,5667,Closed Won,1701.00,2013-01-09
4277,8867,Closed Lost,2126.00,2012-11-29
4278,2747,Closed Lost,2126.00,2012-11-29
4279,7422,Closed Lost,369.00,2012-11-20
4280,4148,Closed Lost,348.00,2012-11-18
4281,9516,Closed Won,1229.00,2012-11-16
4282,1291,Closed Lost,351.00,2012-11-02
4283,1833,Closed Lost,133.00,2014-07-26
4284,7270,Closed Lost,1241.00,2014-04-26
4285,8182,Closed Lost,121.00,2014-04-06
4286,10394,Closed Lost,1479.00,2014-03-24
4287,1142,Closed Lost,428.00,2014-03-23
4288,451,Closed Lost,22.00,2014-03-21
4289,7128,Closed Lost,15.00,2014-03-08
4290,10678,Closed Lost,917.00,2014-02-27
4291,7755,Closed Lost,411.00,2014-02-11
4292,4754,Closed Lost,122.00,2013-12-25
4293,20,Closed Lost,183.00,2013-12-01
4294,2246,Closed Lost,183.00,2013-12-01
4295,10307,Closed Lost,525.00,2013-11-30
4296,2147,Closed Lost,2279.00,2013-11-15
4297,10590,Closed Lost,1483.00,2013-06-29
4298,6565,Closed Lost,1782.00,2013-06-27
4299,6619,Closed Lost,44.00,2013-04-03
4300,4817,Closed Lost,18.00,2012-11-03
4301,4508,Closed Lost,833.00,2014-08-22
4302,4843,Closed Lost,833.00,2014-08-22
4303,9197,Closed Lost,47.00,2014-05-27
4304,6237,Closed Lost,416.00,2014-03-09
4305,6515,Closed Lost,50.00,2014-03-08
4306,5954,Closed Lost,192.00,2014-01-09
4307,7938,Closed Lost,449.00,2014-01-03
4308,961,Closed Lost,860.00,2013-12-13
4309,1764,Closed Lost,270.00,2013-11-09
4310,1916,Closed Lost,437.00,2013-10-24
4311,6941,Closed Lost,95.00,2013-10-14
4312,5562,Closed Lost,735.00,2013-09-26
4313,1517,Closed Lost,51.00,2013-09-14
4314,7286,Closed Lost,55.00,2013-08-24
4315,4687,Closed Lost,1633.00,2013-08-23
4316,5631,Closed Lost,692.00,2013-08-02
4317,1951,Closed Lost,839.00,2013-04-29
4318,123,Closed Lost,993.00,2013-04-08
4319,9451,Closed Lost,1658.00,2013-02-25
4320,7396,Closed Lost,1597.00,2013-02-10
4321,3298,Closed Lost,1152.00,2013-02-08
4322,6730,Closed Lost,54.00,2013-02-03
4323,9916,Closed Lost,54.00,2013-02-03
4324,2227,Closed Lost,210.00,2012-12-23
4325,946,Closed Lost,210.00,2012-12-23
4326,3745,Closed Lost,103.00,2012-12-05
4327,4094,Closed Lost,289.00,2012-11-25
4328,8588,Closed Lost,289.00,2012-11-25
4329,3916,Closed Lost,890.00,2012-11-15
4330,9135,Closed Lost,64.00,2012-11-06
4331,1755,Closed Lost,114.00,2014-07-13
4332,2875,Closed Lost,906.00,2014-06-05
4333,2008,Closed Lost,1149.00,2014-05-14
4334,10925,Closed Lost,1003.00,2014-04-17
4335,1604,Closed Lost,225.00,2014-02-14
4336,5389,Closed Lost,347.00,2014-01-21
4337,2878,Closed Lost,414.00,2013-12-30
4338,4440,Closed Lost,546.00,2013-12-12
4339,1324,Closed Lost,91.00,2013-08-31
4340,6262,Closed Lost,1573.00,2013-07-12
4341,3628,Closed Lost,80.00,2013-05-02
4342,3641,Closed Lost,36.00,2013-04-23
4343,322,Closed Lost,41.00,2013-04-15
4344,175,Closed Lost,1443.00,2013-04-13
4345,6988,Closed Lost,1443.00,2013-04-13
4346,8204,Closed Lost,1319.00,2013-03-19
4347,7476,Closed Lost,1269.00,2013-03-05
4348,5221,Closed Lost,879.00,2013-03-04
4349,8970,Closed Lost,530.00,2013-01-24
4350,9286,Closed Lost,747.00,2013-01-11
4351,5831,Closed Won,1815.00,2012-11-23
4352,1010,Closed Lost,78.00,2014-07-27
4353,11074,Closed Lost,1423.00,2014-07-12
4354,5896,Closed Lost,397.00,2014-06-20
4355,3515,Closed Lost,160.00,2014-05-22
4356,5324,Closed Lost,422.00,2014-04-23
4357,6534,Closed Lost,67.00,2014-04-08
4358,8373,Closed Lost,29.00,2014-03-14
4359,3829,Closed Lost,29.00,2014-03-14
4360,4501,Closed Lost,1478.00,2014-02-12
4361,4179,Closed Lost,55.00,2013-11-22
4362,2292,Closed Lost,24.00,2013-11-04
4363,9239,Closed Lost,126.00,2013-10-28
4364,8953,Closed Lost,35.00,2013-08-08
4365,10258,Closed Lost,35.00,2013-08-08
4366,3520,Closed Won,1092.00,2013-06-29
4367,10402,Closed Lost,39.00,2013-05-19
4368,11114,Closed Lost,84.00,2013-05-13
4369,9553,Closed Lost,15.00,2013-04-13
4370,6055,Closed Lost,1305.00,2013-02-03
4371,4786,Closed Lost,1109.00,2013-01-06
4372,5015,Closed Lost,162.00,2012-12-17
4373,8560,Closed Lost,680.00,2012-12-13
4374,3469,Closed Lost,103.00,2012-12-09
4375,5885,Closed Lost,211.00,2012-11-24
4376,3310,Closed Lost,211.00,2012-11-24
4377,2134,Closed Lost,694.00,2012-11-19
4378,2532,Closed Lost,1651.00,2014-06-04
4379,2579,Closed Lost,835.00,2014-03-22
4380,3117,Closed Lost,450.00,2014-01-21
4381,5623,Closed Lost,51.00,2013-12-30
4382,4789,Closed Lost,1677.00,2013-12-21
4383,9523,Closed Lost,15.00,2013-11-20
4384,5268,Closed Lost,56.00,2013-11-14
4385,1545,Closed Lost,443.00,2013-11-05
4386,2254,Closed Lost,1455.00,2013-10-10
4387,2661,Closed Lost,44.00,2013-09-07
4388,3130,Closed Lost,44.00,2013-09-07
4389,5847,Closed Lost,882.00,2013-09-01
4390,5863,Closed Lost,655.00,2013-09-01
4391,999,Closed Won,730.00,2013-04-07
4392,2931,Closed Lost,1192.00,2012-12-25
4393,1890,Closed Lost,25.00,2012-12-23
4394,5589,Closed Lost,793.00,2012-12-04
4395,10172,Closed Lost,1538.00,2012-11-13
4396,6729,Closed Lost,1538.00,2012-11-13
4397,10492,Closed Lost,10.00,2014-09-28
4398,2939,Closed Lost,1631.00,2014-09-26
4399,5948,Closed Lost,237.00,2014-08-03
4400,574,Closed Lost,125.00,2014-07-28
4401,3266,Closed Lost,125.00,2014-07-28
4402,10500,Closed Lost,98.00,2014-07-10
4403,7987,Closed Lost,460.00,2014-06-11
4404,1135,Closed Lost,47.00,2014-05-22
4405,24,Closed Lost,47.00,2014-05-22
4406,7244,Closed Lost,124.00,2014-04-07
4407,1966,Closed Lost,1672.00,2014-02-26
4408,7789,Closed Lost,1672.00,2014-02-26
4409,3336,Closed Lost,948.00,2014-02-25
4410,5644,Closed Lost,363.00,2014-01-16
4411,1295,Closed Lost,725.00,2013-11-15
4412,6663,Closed Lost,157.00,2013-10-12
4413,10262,Closed Lost,53.00,2013-08-14
4414,456,Closed Lost,36.00,2013-05-14
4415,3270,Closed Lost,128.00,2013-04-23
4416,5748,Closed Won,475.00,2013-03-07
4417,8952,Closed Lost,859.00,2013-02-09
4418,3921,Closed Lost,205.00,2013-02-01
4419,9826,Closed Won,2114.00,2012-12-17
4420,5830,Closed Won,2114.00,2012-12-17
4421,8310,Closed Lost,1459.00,2012-12-03
4422,6382,Closed Lost,54.00,2014-10-01
4423,8439,Closed Lost,902.00,2014-09-11
4424,7613,Closed Lost,326.00,2014-08-29
4425,48,Closed Lost,184.00,2014-07-30
4426,5046,Closed Lost,1638.00,2014-04-30
4427,3231,Closed Lost,30.00,2014-03-02
4428,7181,Closed Lost,52.00,2014-02-12
4429,1663,Closed Lost,49.00,2014-01-30
4430,5441,Closed Lost,388.00,2013-11-30
4431,8602,Closed Lost,1049.00,2013-09-17
4432,9925,Closed Lost,216.00,2013-08-30
4433,9499,Closed Lost,1616.00,2013-08-12
4434,6568,Closed Lost,79.00,2013-07-03
4435,3032,Closed Lost,193.00,2013-06-04
4436,5153,Closed Won,1529.00,2013-05-30
4437,4127,Closed Won,1529.00,2013-05-30
4438,9940,Closed Lost,1009.00,2013-03-30
4439,7527,Closed Lost,76.00,2013-02-26
4440,3406,Closed Lost,322.00,2013-01-27
4441,9771,Closed Lost,269.00,2013-01-10
4442,6722,Closed Lost,767.00,2014-10-04
4443,213,Closed Lost,48.00,2014-09-03
4444,8541,Closed Lost,41.00,2014-06-14
4445,8475,Closed Lost,1608.00,2014-06-07
4446,8070,Closed Lost,264.00,2014-06-07
4447,313,Closed Lost,2088.00,2014-02-03
4448,9757,Closed Lost,1631.00,2014-01-10
4449,2088,Closed Lost,1631.00,2014-01-10
4450,2320,Closed Lost,635.00,2013-12-19
4451,966,Closed Lost,691.00,2013-10-11
4452,9706,Closed Lost,94.00,2013-09-30
4453,3979,Closed Won,1779.00,2013-08-28
4454,5602,Closed Lost,1282.00,2013-08-23
4455,2202,Closed Lost,69.00,2013-07-16
4456,9645,Closed Lost,1338.00,2013-01-20
4457,7230,Closed Won,493.00,2013-01-10
4458,5675,Closed Lost,493.00,2013-01-10
4459,4974,Closed Lost,1392.00,2013-01-01
4460,5687,Closed Lost,1633.00,2012-12-30
4461,5871,Closed Lost,467.00,2012-12-07
4462,3846,Closed Lost,270.00,2012-12-05
4463,10001,Closed Lost,100.00,2012-11-07
4464,2831,Closed Lost,1179.00,2014-10-04
4465,868,Closed Lost,65.00,2014-09-15
4466,7212,Closed Lost,65.00,2014-09-15
4467,1743,Closed Lost,801.00,2014-09-02
4468,2415,Closed Lost,953.00,2014-07-15
4469,7947,Closed Lost,37.00,2014-07-02
4470,2106,Closed Lost,34.00,2014-06-24
4471,3363,Closed Lost,34.00,2014-06-24
4472,8595,Closed Lost,67.00,2014-05-21
4473,7232,Closed Lost,67.00,2014-05-21
4474,7829,Closed Lost,65.00,2014-01-03
4475,9977,Closed Lost,734.00,2013-12-25
4476,10142,Closed Lost,689.00,2013-06-14
4477,5263,Closed Lost,55.00,2013-05-01
4478,22,Closed Lost,309.00,2013-03-12
4479,528,Closed Lost,1383.00,2013-03-08
4480,4070,Closed Won,1078.00,2012-12-09
